ID,問題文,選択肢A,選択肢B,選択肢C,選択肢D,正解記号,正解テキスト,ヒント,開発者解説
nazoq_035153,詐欺師と 技師の違いって な〜んだ？,差,技術,正義,金,A,差（さ）,単純なようで 深い,出典: https://nazoq.com/normal/Q035153.html / サイトレベル: normal
nazoq_035148,さかだちすると 夏になるさかな な〜んだ？,鮪,鮭,鯵,鰯,A,鮪（まぐろ）,◯◯◯をちがういいかたすると◯◯,出典: https://nazoq.com/normal/Q035148.html / サイトレベル: normal
nazoq_035147,鯛（たい）を蟻（あり）に あげるなら 鰊（にしん）を だれにあげるかな？,蜂,峰,蠅,蚊,A,蜂（はち）（ありがたい／にしんがはち）,昔ばなしに出てくるダジャレを使った 問題解決,出典: https://nazoq.com/normal/Q035147.html / サイトレベル: normal
nazoq_035144,トロ 白髪 らい 玉 小 これに共通してくっつけられる野菜 な〜んだ？,ねぎ,神,将,病,A,ねぎ,『らい』は、ものじゃなくておこないのこと。
nazoq_035143,くちの下に かくれている道具 な〜んだ？,臼,鋏,杵,包丁,A,臼（うす／マ『ウス』）,英語で考えて,出典: https://nazoq.com/normal/Q035143.html / サイトレベル: normal
nazoq_035129,病院のどうぐの中で めちゃくちゃ新しいもの な〜んだ？,聴診器,鋏,スマホ,パソコン,A,聴診器（ちょうしんき／超新規）,めちゃくちゃ＝超（ちょう）,出典: https://nazoq.com/normal/Q035129.html / サイトレベル: normal
nazoq_035121,ドーナツは１ みそしるは３ ドラえもんは２ じゃあ ラ・ラ・ランドはいくつ？,4,1,2,3,A,４（言葉の中の音階の数）,言葉の中のアレの数,出典: https://nazoq.com/normal/Q035121.html / サイトレベル: normal
nazoq_035118,魚が お金持ちになったら どんな魚になるかな？,金魚,鯖,鰯,秋刀魚,A,金魚（きんぎょ）,お祭りの屋台で よく見かけます,出典: https://nazoq.com/normal/Q035118.html / サイトレベル: normal
nazoq_035117,ダムはダムでも 偶然を支配する力を持つダム な〜んだ？ ,ランダム,ガンダム,バランス,山本,A,ランダム,◯◯ダム,出典: https://nazoq.com/normal/Q035117.html / サイトレベル: normal
nazoq_035110,朝に食べると 一番メリットがありそうな貝って な〜んだ？,あさり,シジミ,サザエ,アワビ,A,あさり（朝に利がありそう）,メリットを１文字で表して,出典: https://nazoq.com/normal/Q035110.html / サイトレベル: normal
nazoq_035106,２文字のひらがな それは夏であり 秋のフルーツであり 海のいきものでもあ〜る さてな〜んだ？,かき,あさり,しじみ,わかめ,A,かき（夏季、柿、牡蠣）,夏を違う言い方に。秋のフルーツ。海の貝。,出典: https://nazoq.com/normal/Q035106.html / サイトレベル: normal
nazoq_035097,5000に 線を１本だけ書いて 半分にしてください？,0.5,分数,ハサミ,割り算,A,50%（ 50 0/0 ）,数字を記号に変える 方法,出典: https://nazoq.com/normal/Q035097.html / サイトレベル: normal
nazoq_035095,まくらは まくらでも 白くて冷たいまくらって な〜んだ？,かまくら,まくら,ゆきだるま,ひざまくら,A,かまくら,人がはいれる,出典: https://nazoq.com/normal/Q035095.html / サイトレベル: normal
nazoq_035092,草や木の下にある ふくろって な〜んだ？,寝袋,瞼,木陰,有袋類,A,寝袋（ねぶくろ）,草や木の したには なにがはえている？,出典: https://nazoq.com/normal/Q035092.html / サイトレベル: normal
nazoq_035087,シャーシャーシャーと ３回鳴く 海の生きもの だ〜れだ？,サメ,シャチ,酒,アサリ,A,サメ（シャーク）,シャーシャーシャーを３回だよ 全部で何回？,出典: https://nazoq.com/normal/Q035087.html / サイトレベル: normal
nazoq_035084,ナスはナスでも へっていくナスって な〜んだ？,マイナス,水ナス,梨,なすび,A,マイナス,◯◯ナス,出典: https://nazoq.com/normal/Q035084.html / サイトレベル: normal
nazoq_035082,喪服（もふく）なのに 喪服じゃない ちいさくてかわいい服 な〜んだ？,子供服,スーツ,水着,着物,A,子供服（こどもふく）,もふくは もふくでも ◯◯もふく,出典: https://nazoq.com/normal/Q035082.html / サイトレベル: normal
nazoq_035069,おしりに「う」をつけると 少くなっちゃう野菜って な〜んだ？,へちま,きゅうり,ゴーヤ,ピーマン,A,へちま,数が◯っ◯◯う,出典: https://nazoq.com/normal/Q035069.html / サイトレベル: normal
nazoq_035062,村のまわりを サイで囲む人って だ〜れだ？,侍,先生,警察,泥棒,A,侍（さむらい）,ことばを ことばで かこんでみてね？,出典: https://nazoq.com/normal/Q035062.html / サイトレベル: normal
nazoq_035061,お→○ お→ひ お→な お→く お→こ さて、○に入るひらがな な〜んだ？,お,あ,い,う,A,お,○ひなくこ
nazoq_035104,バラバラになるとサラダに入れられ 固まってると屋台で売られるたべもの な〜んだ？,トウモロコシ,きゅうり,じゃがいも,なすび,A,トウモロコシ（コーン）,野菜だよ,出典: https://nazoq.com/normal/Q035104.html / サイトレベル: normal
nazoq_035063,お寺の横に 人が立ってる！ だれが立ってる？,侍,お坊さん,そうりょ,山彦,A,侍（さむらい）,漢字の問題,出典: https://nazoq.com/normal/Q035063.html / サイトレベル: normal
nazoq_035053,缶を みだれうちする のりもの な〜んだ？,観覧車,洗車,消防車,救急車,A,観覧車（かんらんしゃ／缶 乱射）,遊園地に あるよ,出典: https://nazoq.com/normal/Q035053.html / サイトレベル: normal
nazoq_035048,いろのなかで あいだに「の」をいれると ちゃいろにかわっちゃうのって な〜んだ？,黄色,赤色,黒色,朱色,A,黄色（きいろ）,◯の◯◯って ちゃいろだもんね！,出典: https://nazoq.com/normal/Q035048.html / サイトレベル: normal
nazoq_035018,北陸地方に うまっている たべもの な〜んだ？,栗,粟,蟹,米,A,栗（くり）,「ほくりく」にはさまっている,出典: https://nazoq.com/normal/Q035018.html / サイトレベル: normal
nazoq_035036,シカはシカでも お金でお金を作るシカ な〜んだ？,投資家,歯科,社長,小鹿,A,投資家（とうしか）,◯◯シカ,出典: https://nazoq.com/normal/Q035036.html / サイトレベル: normal
nazoq_035031,まんなかが シュポっとなってるたべもの な〜んだ？,マッシュポテト,ポテトサラダ,ポテトチップス,ラーメン,A,マッシュポテト,◯◯シュポ◯◯,出典: https://nazoq.com/normal/Q035031.html / サイトレベル: normal
nazoq_035028,まんなかに 「グサー！」っとささってる魚って な〜んだ？,キングサーモン,金魚,鯖,鰯,A,キングサーモン,名前のまんなかに ささってるよ,出典: https://nazoq.com/normal/Q035028.html / サイトレベル: normal
nazoq_035017,時計の中心にある 細長いもの な〜んだ？,毛,長身,時間,文字,A,毛（け）,アナログでもデジタルでも関係ないよ あるものはある！,出典: https://nazoq.com/normal/Q035017.html / サイトレベル: normal
nazoq_035009,ヤバさのなかに基礎がつまっている料理 な〜んだ？,焼きそば,焼肉,そば,カップラーメン,A,焼きそば,ことばのなかに ことば,出典: https://nazoq.com/normal/Q035009.html / サイトレベル: normal
nazoq_035007,橋（はし）だけど まんなかがぶら〜っとしてるよ 橋じゃないのかも これな〜んだ？,歯ブラシ,ゲーム,勉強,雪かき,A,歯ブラシ,ことばのなかに ことばをいれる,出典: https://nazoq.com/normal/Q035007.html / サイトレベル: normal
nazoq_035006,77から1は 何回引けるでしょうか？,１回,２回,３回,４回,A,１回,むげんじゃないよ マイナスにはしないよ
nazoq_034966,顔の中にあるけど 頭もお尻もある これな〜んだ？,目,耳,口,鼻,A,目（目頭／めがしら 目尻／めじり）,◯頭 ◯尻がある,出典: https://nazoq.com/normal/Q034966.html / サイトレベル: normal
nazoq_034989,【小○ 大○ ○苗 納○】 ○に共通して入る漢字 な〜んだ？,豆,中,小,大,A,豆,○助 ○狸 ○腐,出典: https://nazoq.com/normal/Q034989.html / サイトレベル: normal
nazoq_034993,一日中走っているのに 汗をかかないもの な〜んだ？,時計,バス,車,マラソン選手,A,時計（とけい）,のりものじゃないよ 同じところを ぐるぐる ぐーるぐる,出典: https://nazoq.com/normal/Q034993.html / サイトレベル: normal
nazoq_034977,『オレのズラかワカメか 分からずの レオ』 この文章の秘密 な～んだ？,回文,怪文,なぞなぞ,公文,A,回文（さかさ言葉）になっている,ひらがなで 書いてみたら？,出典: https://nazoq.com/normal/Q034977.html / サイトレベル: normal
nazoq_034969,どこの国でも おうじさまと おひめさま どちらもかならずもっているお菓子（かし） な〜んだ？,プリン,ケーキ,クロワッサン,シュークリーム,A,プリン（プリンス／プリンセス）,おうじとおひめ 英語でいうと？,出典: https://nazoq.com/normal/Q034969.html / サイトレベル: normal
nazoq_034980,1本の木に 12本の枝があり 52輪の美しい花が咲き それぞれの花に7個の花びらがあり 花びらには24本の筋がついている この木な〜んだ？,１年,２年,３年,４年,A,１年（１２か月、５２週、７日、２４時間）,とても聞き覚えがある 数字だね
nazoq_034990,【○楽 ○秘 ○棚 ○隠 女○】 ○に共通して入る漢字 な〜んだ？,神,新,中,豆,A,神（神楽 神秘 神棚 神隠 女神）,地○ 雷○ 水○ ○様,出典: https://nazoq.com/normal/Q034990.html / サイトレベル: normal
nazoq_034963,あついところへいっても さむいところへいっても 歯がこごえているもの な〜んだ？,ハサミ,ナイフ,歯ブラシ,氷,A,ハサミ（歯 さみぃ〜）,こごえるときは なんていう？,出典: https://nazoq.com/normal/Q034963.html / サイトレベル: normal
nazoq_034988,【1、1、1、3、5、□、17】□に入る数字 な〜んだ？,9,1,2,3,A,9（左の数を3つ足した数が入っている）,ほうそくを みきわめろ！ポイントは3と5だね！,出典: https://nazoq.com/normal/Q034988.html / サイトレベル: normal
nazoq_034984,原＝ウナ 面＝かい 老＝え 風＝？ さて な〜んだ？,うみ,ゆき,さき,まき,A,うみ（海原うなばら／海面かいめん／海老えび／海風うみかぜ）,「え」は正確には漢字２文字での読み方だから ある意味ひっかけ,出典: https://nazoq.com/normal/Q034984.html / サイトレベル: normal
nazoq_034973,イタチが２匹見つかるのは 何日？,１日,２日,９日,６日,A,１日（ついたち／ツー イタチ）,２匹 いたち,出典: https://nazoq.com/normal/Q034973.html / サイトレベル: normal
nazoq_034891,アルファベットのなかで なんかいターンしても 180度しかまわれないのって な〜んだ？,U,A,S,F,A,U（なんどまわっても Uターンで180度）,なんどまわっても ◯ターン,出典: https://nazoq.com/normal/Q034891.html / サイトレベル: normal
nazoq_034930,全身に服を着て 体がかくれているけど ひげが見えている野菜 な〜んだ？,とうもろこし,おくら,ゴーヤ,さつまいも,A,とうもろこし,みどりのふく きいろのからだ,出典: https://nazoq.com/normal/Q034930.html / サイトレベル: normal
nazoq_034876,王子のプリンにだけ かかってる調味料って な〜んだ？,酢,醤油,砂糖,めんつゆ,A,酢（王子＝プリンス→プリン酢）,王子を英語にしてみよう,出典: https://nazoq.com/normal/Q034876.html / サイトレベル: normal
nazoq_034951,ベランダに ちらばって咲いている花 な〜んだ？,ラベンダー,カスミソウ,桜,バラ,A,ラベンダー,ベランダの文字のなかに そんざいしている,出典: https://nazoq.com/normal/Q034951.html / サイトレベル: normal
nazoq_034927,子供の頃は たくさん服を着ているけど 大人になってからは服を着ていない せいたかのっぽの木 な〜んだ？,竹,松,梅,栗,A,竹（たけ）,大人になると かたくてまっすぐ みどりいろ,出典: https://nazoq.com/normal/Q034927.html / サイトレベル: normal
nazoq_034907,「やあ！悪役」これ どんな靴（くつ）？,ハイヒール,下駄,革靴,ブーツ,A,ハイヒール,と、とりあえず、英語にしてみようぜ。。。,出典: https://nazoq.com/normal/Q034907.html / サイトレベル: normal
nazoq_034942,トラ、カメ、サイ、ウサギ 、　ショップ店員にむいていないのは だ〜れだ？,サイ,トラ,カメ,ウサギ,A,サイ（売るサイ＝うるさい だから）,ショップ店員は ものを「売る」よね,出典: https://nazoq.com/normal/Q034942.html / サイトレベル: normal
nazoq_034780,飛行機のコックピットに たくさんおいてあるおかしって な〜んだ？,ケーキ,最中,マドレーヌ,団子,A,ケーキ（計器）,いろんな機械があるよね,出典: https://nazoq.com/normal/Q034780.html / サイトレベル: normal
nazoq_034941,あかちゃんって 『お』をいくつ みにつけてる？,6つ,7つ,５つ,9つ,A,6つ,あかちゃんが はいているもの,出典: https://nazoq.com/normal/Q034941.html / サイトレベル: normal
nazoq_034871,日の出の頃 異臭がする東京の街 ど〜こだ？,浅草,下北沢,新宿,秋葉原,A,浅草（あさくさ）,◯◯に◯◯い つまり◯◯◯◯,出典: https://nazoq.com/normal/Q034871.html / サイトレベル: normal
nazoq_034937,冬眠をつづけるいきものが 育てている植物 な〜んだ？,ミント,パンジー,チューリップ,蓮,A,ミント,「とうみん」つづけてみて,出典: https://nazoq.com/normal/Q034937.html / サイトレベル: normal
nazoq_034921,いつも ちょっと前に見ている木って なんの木？,サツキ,ミツキ,ヤヨイ,キサラギ,A,サツキ（さっき）,ついさっきだから？,出典: https://nazoq.com/normal/Q034921.html / サイトレベル: normal
nazoq_034933,バドミントンをやるときに 欠かせない植物 な〜んだ？,ミント,パンジー,さくら,バジル,A,ミント,かならず はいってくる,出典: https://nazoq.com/normal/Q034933.html / サイトレベル: normal
nazoq_034932,ぎゅうぎゅうなものを さらにぎゅうぎゅうにすると なにができる？,牛脂,牛乳,牛丼,乳牛,A,牛脂（ぎゅうし）,料理につかう たべられるもの,出典: https://nazoq.com/normal/Q034932.html / サイトレベル: normal
nazoq_034889,まるで蜂（はち）みたいなアルファベット な〜んだ？,B,Ｄ,F,Ｋ,A,B（ビー／bee：和訳「蜂(ハチ)」）,アルファベットだけに 英語で考えよう！,出典: https://nazoq.com/normal/Q034889.html / サイトレベル: normal
nazoq_034901,じぶんで「めっちゃいい医者だよ〜」という動物 だ〜れだ？,ひつじ,やぎ,ライオン,いぬ,A,ひつじ／やぎ（なきごえが「めぇ〜ぃ（名医）」）,①めっちゃいい医者＝◯◯◯
nazoq_034905,心のやさしい人が コンビニでよく買うもの な〜んだ？,肉まん,あんまん,ピザまん,角煮まん,A,肉まん（憎まん）,心の優しい人は 他人を許す（他人を◯◯◯◯）からね,出典: https://nazoq.com/normal/Q034905.html / サイトレベル: normal
nazoq_034877,うそつきが いれられるあなって どんなあな？,洞穴,洞窟,落とし穴,地下,A,洞穴（ほらあな）,うそをつくことを「◯◯をふく」というよね,出典: https://nazoq.com/normal/Q034877.html / サイトレベル: normal
nazoq_034870,スターはスターでも はしりだすと みんなにキャーキャー言われるスター な〜んだ？,ジェットコースター,マイケルジャクソン,スーパースター,スキー,A,ジェットコースター,みんなが絶叫しちゃうのりもの,出典: https://nazoq.com/normal/Q034870.html / サイトレベル: normal
nazoq_034864,色の名前のなかで 武器を持っているのって なに色かな？,山吹色,赤色,紺色,黒色,A,山吹色（やまぶきいろ）,◯◯◯◯いろ,出典: https://nazoq.com/normal/Q034864.html / サイトレベル: normal
nazoq_034868,売ってこいっていっても 買ってきちゃう動物 だ〜れだ？,牛,やぎ,ライオン,いぬ,A,牛（うし／英語でカウcow）,売れといわれれても◯◯,出典: https://nazoq.com/normal/Q034868.html / サイトレベル: normal
nazoq_034863,なかに奴隷（どれい）がひそんでいるおかし な〜んだ？,マドレーヌ,最中,ケーキ,団子,A,マドレーヌ（ま奴隷ぬ）,◯どれい◯,出典: https://nazoq.com/normal/Q034863.html / サイトレベル: normal
nazoq_034894,88歳になったら 着る服の色 何色？,ベージュ,赤色,桃色,黒色,A,ベージュ（米寿）,88歳のお祝いをなんていう？,出典: https://nazoq.com/normal/Q034894.html / サイトレベル: normal
nazoq_034841,水道のなかに しまってある楽器って な〜んだ？,木琴,ピッコロ,鉄琴,ギター,A,木琴（もっきん／水土の間は木金）,すいと どうの あいだに はいってる,出典: https://nazoq.com/normal/Q034841.html / サイトレベル: normal
nazoq_034858,秋刀魚（さんま）と胡麻（ゴマ）のあいだに入ってる 大きなもの な〜んだ？,島,秋,魚,餌,A,島（しま）,数字の おはなし,出典: https://nazoq.com/normal/Q034858.html / サイトレベル: normal
nazoq_034796,そとで上を見上げると ありそうな豆って どんな豆？,そら豆,グリーンピース,大豆,小豆,A,そら豆（ソラマメ）,そとで 上を見上げると なにがある？,出典: https://nazoq.com/normal/Q034796.html / サイトレベル: normal
nazoq_034794,君には作れないけど 僕なら10秒で作れるもの な〜んだ？,墨汁,カップラーメン,胆汁,お味噌汁,A,墨汁（ぼくじゅう／ぼく10）,習字や水墨画で使うよ,出典: https://nazoq.com/normal/Q034794.html / サイトレベル: normal
nazoq_034786,置いてある鍋を 手に取るだけで 完成する料理って な〜んだ？,モツ鍋,石狩鍋,きりたんぽ鍋,水炊き,A,モツ鍋（持つナベ）,◯◯なべ,出典: https://nazoq.com/normal/Q034786.html / サイトレベル: normal
nazoq_034789,顔の下に隠れてる家具って な〜んだ？,イス,テーブル,こたつ,本棚,A,イス（フェ「イス」）,英語で考えよう,出典: https://nazoq.com/normal/Q034789.html / サイトレベル: normal
nazoq_034785,ひっくり返すと 荷物になっちゃうたべもの な〜んだ？,モツ煮,もつ鍋,ハンバーガー,うどん,A,モツ煮,漢字をひっくり返してね,出典: https://nazoq.com/normal/Q034785.html / サイトレベル: normal
nazoq_034792,ヤンキー学校の先生が持っている花火って な〜んだ？,線香花火,特大花火,蛇花火,ロケット花火,A,線香花火（先公／センコー）,ヤンキーだと 先生の呼び方が 変わってくるね,出典: https://nazoq.com/normal/Q034792.html / サイトレベル: normal
nazoq_034803,銃をうちながら 飲むお酒って な〜んだ？,発泡酒,泡盛,ビール,日本酒,A,発泡酒（はっぽうしゅ／発砲 酒）,銃をうつことを,出典: https://nazoq.com/normal/Q034803.html / サイトレベル: normal
nazoq_034763,【とんぼ かんむり がき やぶ うま】共通してあたまにつく ひらがな２もじ な〜んだ？,たけ,あさ,にんべん,くさかんむり,A,たけ,【ざいく のこ しま】も仲間,出典: https://nazoq.com/normal/Q034763.html / サイトレベル: normal
nazoq_034762,【バッグ カー ロジー ノミー ンテ】共通してあたまにつく ２文字 な〜んだ？,エコ,ミュージック,ネート,シュ,A,エコ,かんきょうに いい言葉が おおいかな,出典: https://nazoq.com/normal/Q034762.html / サイトレベル: normal
nazoq_034753,1杯飲むだけで 1536杯飲んだことになる飲み物 な〜んだ？,イチゴミルク,ソーダ,ワイン,ビール,A,イチゴミルク,数字の語呂（ごろ）,出典: https://nazoq.com/normal/Q034753.html / サイトレベル: normal
nazoq_034729,犬にエサをあげるまえに のむお茶は な〜んだ？,マテ茶,緑茶,抹茶,枝豆茶,A,マテ茶,しつけ,出典: https://nazoq.com/normal/Q034729.html / サイトレベル: normal
nazoq_034740,スルメは かめばかむほど 味が出るけど かんでもかんでも 味もかおりもしなくて ちょっとはずかしくなるだけのもの な〜んだ？,台詞,味,開始,庭,A
nazoq_034725,思わず さわりたくなっちゃうのは 何日かな？,１日,２日,10日,６日,A,１日（ついたち）,思わず、ついつい、、、,出典: https://nazoq.com/normal/Q034725.html / サイトレベル: normal
nazoq_034715,力士（りきし）を たくさんのせているどうぶつ な〜んだ？,豹,ライオン,熊,鷲,A,ひょう（どひょう／土俵）,すもうって どこでとる？,出典: https://nazoq.com/normal/Q034715.html / サイトレベル: normal
nazoq_034682,丸を４つならべる鳥って だ〜れだ？,鷲,鷹,白鳥,鶏,A,鷲（わし／輪４）,丸の言い方,出典: https://nazoq.com/normal/Q034682.html / サイトレベル: normal
nazoq_034670,蔵（くら）は蔵でも にもつは入れなくて 頭をおく蔵って な〜んだ？,枕,おくら,高倉,雑煮,A,枕（まくら）,寝るときに使う,出典: https://nazoq.com/normal/Q034670.html / サイトレベル: normal
nazoq_034663,山と林を走る車って な〜んだ？,三輪車,救急車,洗車,トラック,A,三輪車（山林 車）,タイヤは３つ,出典: https://nazoq.com/normal/Q034663.html / サイトレベル: normal
nazoq_034668,マラソンとドライヤー 共通する目標な〜んだ？,かんそう,かんどう,みち,くろ,A,かんそう（完走／乾燥）,か◯◯◯,出典: https://nazoq.com/normal/Q034668.html / サイトレベル: normal
nazoq_034658,【ざる 台風 ボール 人間】仲間はずれ ど〜れだ？,ボール,ざる,台風,ボール,A,ボール（目がない）,◯があるかどうか,出典: https://nazoq.com/normal/Q034658.html / サイトレベル: normal
nazoq_034647,トロはトロでも 魚じゃなくて 曲のはじめに出てくるトロって な〜んだ？,イントロ,ネギトロ,トロフィー,とろろそば,A,イントロ,◯◯トロ,出典: https://nazoq.com/normal/Q034647.html / サイトレベル: normal
nazoq_034644,口から水をのみこんで 花をくわえるもの な〜んだ？,花瓶,プール,コップ,剣山,A,花瓶（かびん）,花をかざるためのもの,出典: https://nazoq.com/normal/Q034644.html / サイトレベル: normal
nazoq_034637,毛を抜くと ころがっちゃうたべもの な〜んだ？,コロッケ,とんかつ,納豆,天ぷら,A,コロッケ,コロッところがるよ,出典: https://nazoq.com/normal/Q034637.html / サイトレベル: normal
nazoq_033184,話（はなし）は話でも やたら重さをアピールする話って どんな話？,思い出ばなし,体重のはなし,未来の話,過去の話,A,思い出ばなし（重いでぇ〜）,重いよ〜？重いよ〜？,出典: https://nazoq.com/normal/Q033184.html / サイトレベル: normal
nazoq_033183,暖房（だんぼう）がついているけど 温かい空気は出ないもの な〜んだ？,ダンボール,はこ,扇風機,冷凍庫,A,ダンボール,だんぼうは なまえに はいっている,出典: https://nazoq.com/normal/Q033183.html / サイトレベル: normal
nazoq_033174,スイスの ３分の２の地域で作られている家具って な〜んだ？,椅子,テーブル,こたつ,本棚,A,椅子（いす）,３分の２なのは 国の面積（めんせき）じゃなくて国の名前だったりして,出典: https://nazoq.com/normal/Q033174.html / サイトレベル: normal
nazoq_033171,サイズが大きすぎたズボンに さかさまに2つ ぶら下がっていた野菜って な〜んだ？,かぶ,おくら,ゴーヤ,さつまいも,A,かぶ（ブカブカ→カブカブ）,ズボンが大きすぎて◯◯◯◯だよ〜,出典: https://nazoq.com/normal/Q033171.html / サイトレベル: normal
nazoq_033167,袋（ふくろ）の中身を出したあとって どこに出かけるかな？,風呂,福袋,コップ,ポチ袋,A,風呂（ふろ）,「ふくろ」の なか が なくなる,出典: https://nazoq.com/normal/Q033167.html / サイトレベル: normal
nazoq_033151,まちの たんぼの みぎがわには なにがある？,丁,半,乙,甲,A,丁（ちょう）,かんじのもんだい,出典: https://nazoq.com/normal/Q033151.html / サイトレベル: normal
nazoq_033150,【おやひ◯◯◯なかくすりこ】◯◯◯に入る言葉 な〜んだ？,とさし,みとし,ひとし,さとし,A,とさし（親指人差指中指薬指小指）,ゆび,出典: https://nazoq.com/normal/Q033150.html / サイトレベル: normal
nazoq_033163,花束（はなたば）が ２束と３束あります 合わせると何束になるかな？,１束,２束,６束,７束,A,１束（ひとたば）,たとえ１００束あっても 合わせたら一緒,出典: https://nazoq.com/normal/Q033163.html / サイトレベル: normal
nazoq_033149,【あき かい きかん いちりん】仲間はずれ な〜んだ？,あき,かい,きかん,いちりん,A,あき（うしろに「しゃ」がつけられるかどうか）,うしろに ◯◯がつけられるかどうか,出典: https://nazoq.com/normal/Q033149.html / サイトレベル: normal
nazoq_033129,木のなかで くだものとかじゃなく おかしが実る木って な〜んだ？,樫の木,桃の木,松の木,桜の木,A,樫の木（菓子の木）,◯◯の木,出典: https://nazoq.com/normal/Q033129.html / サイトレベル: normal
nazoq_033115,おしたのに「ひいた！」といわれるもの な〜んだ？,ピアノ,バイオリン,ギター,ハープ,A,ピアノ（の鍵盤）,①おすと 音がなる
nazoq_033117,通るとき 通れなくて 通らないとき 通れる これな〜んだ？,踏切,鋏,意思,馬謖,A,踏切（ふみきり）,通るときは 音もなるよ,出典: https://nazoq.com/normal/Q033117.html / サイトレベル: normal
nazoq_033112,かけたり くぐったりするけど のることはできないもの な〜んだ？,暖簾,エアコン,布団,枕,A,暖簾（のれん）,の◯◯,出典: https://nazoq.com/normal/Q033112.html / サイトレベル: normal
nazoq_033090,空気の入れかえをする「き」って な〜んだ？,換気,気合,扇風機,気象,A,換気（かんき）,◯◯き,出典: https://nazoq.com/normal/Q033090.html / サイトレベル: normal
nazoq_033083,お客さんが３人きて ３人でなにを買っていったかな？,三脚,三色団子,饅頭,どら焼き,A,三脚（さんきゃく／３客）,シンプルにお客の数で考えよう,出典: https://nazoq.com/normal/Q033083.html / サイトレベル: normal
nazoq_033052,ひらがなしか つかわずに ぶんしょうをつくるむしって な〜んだ？,カナブン,かぶとむし,けむし,はえ,A,カナブン（かな文）,◯◯ブン,出典: https://nazoq.com/normal/Q033052.html / サイトレベル: normal
nazoq_033055,「れ」をとると 赤ちゃんのパンツになっちゃうたべもの な〜んだ？,オムレツ,カツレツ,オムライス,ハンバーグ,A,オムレツ,４文字,出典: https://nazoq.com/normal/Q033055.html / サイトレベル: normal
nazoq_033050,囲碁（いご）は囲碁でも アメリカ人が話したり書いたりする囲碁って な〜んだ？,英語,フランス語,ドイツ語,ハンバーガー,A,英語（えいご）,言葉の「イゴ」,出典: https://nazoq.com/normal/Q033050.html / サイトレベル: normal
nazoq_033030,イモはイモでも およめさんが かくれているイモって な〜んだ？,サツマイモ,ジャガイモ,タロ芋,里芋,A,サツマイモ（さ妻いも）,およめさんの ほかのいいかた,出典: https://nazoq.com/normal/Q033030.html / サイトレベル: normal
nazoq_033021,大阪府の下にあって 福岡県の上にあるもの な〜んだ？,「ふ」,「ほ」,「く」,「ぬ」,A,「ふ」,福島県の上にあって 京都府の下にある,出典: https://nazoq.com/normal/Q033021.html / サイトレベル: normal
nazoq_033020,いつも 嘔吐（おうと）ばかりしている鳥って だ〜れだ？,白鳥,鷲,鷹,鶏,A,白鳥（はくちょう）,なにする ちょう？,出典: https://nazoq.com/normal/Q033020.html / サイトレベル: normal
nazoq_033027,とある町の 東がわと南がわで 同時に事件が発生！ どんな事件？,盗難事件,銀行強盗,速度違反,放火,A,盗難事件（とうなん／東南）,方角を合わせてみて,出典: https://nazoq.com/normal/Q033027.html / サイトレベル: normal
nazoq_033019,虫なのに リスだといわれちゃう虫 な〜んだ？,キリギリス,アリ,ハエ,毛虫,A,キリギリス,秋に鳴く虫（あきになくむし）,出典: https://nazoq.com/normal/Q033019.html / サイトレベル: normal
nazoq_033013,ランプはランプでも 仕事で実力がだせなくなった人が持っているランプって な〜んだ？,スランプ,トランプ,クランク,アルコールランプ,A,スランプ,◯◯◯◯とは：スポーツ、仕事などで、実力が十分出せず、技量や技術がふるわなかったり進展しなかったりして、不調が比較的長く続く状態。不振。,出典: https://nazoq.com/normal/Q033013.html / サイトレベル: normal
nazoq_033008,お家に１つしかなくても 268かしょもありそうな場所 ど〜こだ？,風呂場,寝室,キッチン,庭,A,風呂場（ふろば／268）,268のよみかた,出典: https://nazoq.com/normal/Q033008.html / サイトレベル: normal
nazoq_033007,注射なのに 針がなく 頭につける注射って な〜んだ？,カチューシャ,点滴,予防注射,チャーシュー,A,カチューシャ,頭につけるアクセサリー,出典: https://nazoq.com/normal/Q033007.html / サイトレベル: normal
nazoq_033001,てんてんをとると きたりぬいだりすることができちゃう魚って だ〜れだ？,ふぐ,鯖,鰯,秋刀魚,A,ふぐ（ふく→服）,◯ぐ,出典: https://nazoq.com/normal/Q033001.html / サイトレベル: normal
nazoq_032998,木は木でも おなかのなかにある木って な〜んだ？,イチョウ,桜,フジ,ダチョウ,A,イチョウ（銀杏／胃腸）※臓器（ぞうき）でも正解！,４文字,出典: https://nazoq.com/normal/Q032998.html / サイトレベル: normal
nazoq_032993,木に 矢を９本さしてから 食べる料理 な〜んだ？,焼肉,寿司,蕎麦,うどん,A,焼肉（やきにく／矢 木に９）,矢を 木に ９本,出典: https://nazoq.com/normal/Q032993.html / サイトレベル: normal
nazoq_032985,女子大学生 男子大学生 どちらも持っている植物 な〜んだ？,シダ植物,コケ植物,裸子植物,被子植物,A,シダ植物（維管束植物のうち、胞子による繁殖を行う段階にある植物の総称。胞子による繁殖という共有原始形質によりまとめられていたため、側系統群である。※ウィキペディアより）,２文字のことば,出典: https://nazoq.com/normal/Q032985.html / サイトレベル: normal
nazoq_032984,だれかをピンチから救出した人が乗る 乗り物って な〜んだ？,スクーター,パトカー,消防車,バイク,A,スクーター（救ったー）,だれかを「◯◯った」んだね,出典: https://nazoq.com/normal/Q032984.html / サイトレベル: normal
nazoq_032978,歌を口ずさむと しぜんとたべちゃってるものって な〜んだ？,菓子,寿司,飯,蕎麦,A,菓子（かし／歌詞）,うたうものは なに？,出典: https://nazoq.com/normal/Q032978.html / サイトレベル: normal
nazoq_032963,銃の乱射（らんしゃ）は怖いけど 安全で ゆっくり回っていい景色が見られる「らんしゃ」って な〜んだ？,観覧車,戦車,救急車,霊柩車,A,観覧車（かんらんしゃ）,高いところまであがって ゆっくり降りてくる,出典: https://nazoq.com/normal/Q032963.html / サイトレベル: normal
nazoq_032959,マヌケなしまうまを つかまえて ひっくりかえしたら ちがうどうぶつになって にげちゃった！ なににかわったの？,牛,鼠,虎,龍,A,牛（うし）,①マヌケ＝まをぬく
nazoq_032933,蚊（か）が暮らし始める気配のある花って な〜んだ？,かすみ草,クローバー,桜,菊,A,かすみ草（か、住みそう）,暮らし始めそう、生活しそう、◯◯そう。,出典: https://nazoq.com/normal/Q032933.html / サイトレベル: normal
nazoq_032931,エビフライのなかみを たべたら さかながでてきた！ なにがでてきた？,エイ,鮭,鯵,鰯,A,エイ,エビフライのなかみをけして 2文字にしてみて,出典: https://nazoq.com/normal/Q032931.html / サイトレベル: normal
nazoq_032920,「き」は「き」でも 一番前を飛んでる「き」って な〜んだ？,戦闘機,飛行船,飛行機,セスナ機,A,戦闘機（せんとうき／先頭き）,①のりもの
nazoq_032917,１こあっても１こじゃなくて ２こあると1このもの な〜んだ？,判子,サンコ,サンゴ,折り紙,A,判子（はんこ／半こ）,なんこなの？,出典: https://nazoq.com/normal/Q032917.html / サイトレベル: normal
nazoq_032911,借りているものがあるっていう電池 な〜んだ？,アルカリ電池,リチウムイオン電池,マンガン電池,ニッケル水素電池,A,アルカリ電池,◯◯◯◯電池,出典: https://nazoq.com/normal/Q032911.html / サイトレベル: normal
nazoq_032906,いろんな天使がいるけど 電車をつかさどる天使 だ〜れだ？,運転士,看護師,弁護士,運転士,A,運転士（うんてんし）,◯◯てんし,出典: https://nazoq.com/normal/Q032906.html / サイトレベル: normal
nazoq_032870,生まれ変わりそうなアクセサリーって な〜んだ？,リボン,ヘアバンド,髪留め,指輪,A,リボン（ReBorn／リボーン）,英語にしてみて,出典: https://nazoq.com/normal/Q032870.html / サイトレベル: normal
nazoq_032902,まん中に「だ」を入れると おどりになる国 ど〜こだ？,フランス,イギリス,イエメン,アルゼンチン,A,フランス（フラダンス）,①◯◯ダ◯◯
nazoq_032886,みんなで集まるのって 一週間に何回？,５回,3回,2回,4回,A,５回（週５／しゅうごう／集合）,週◯〜,出典: https://nazoq.com/normal/Q032886.html / サイトレベル: normal
nazoq_032884,太かったり細かったり大きかったり小さかったり でも目には見えない これな〜んだ？,声,目,音,意思,A,声（こえ）,①震えたり裏返ったりかわいかったり
nazoq_032880,テープ、ふせん、リボン、シール 背中についていたもの ど〜れだ？,ふせん,テープ,リボン,シール,A,ふせん（「せ」がなかにある）,せなか せなか せなか,出典: https://nazoq.com/normal/Q032880.html / サイトレベル: normal
nazoq_032871,めちゃくちゃ 目星（めぼし）がついているたべものって な〜んだ？,梅干し,メザシ,春雨,酢豚,A,梅干し（うめぼし）,なまえに めぼし はいってます,出典: https://nazoq.com/normal/Q032871.html / サイトレベル: normal
nazoq_032865,二人のジェントルマンが隠れているのは 家のなかの ど〜こだ？,寝室,トイレ,お風呂,キッチン,A,寝室（しんしつ／紳士２）,ジェントルマンは日本語で◯◯◯,出典: https://nazoq.com/normal/Q032865.html / サイトレベル: normal
nazoq_032862,空に浮かぶ ほしくなるものって な〜んだ？,星,月,雲,太陽,A,星（ほし／ほしー！）,直訳して,出典: https://nazoq.com/normal/Q032862.html / サイトレベル: normal
nazoq_032860,１年のなかで 天ぷらが似合う時期って いつかな？,梅雨,秋,春,冬,A,梅雨（つゆ）,天ぷらに 味をつけてくれる,出典: https://nazoq.com/normal/Q032860.html / サイトレベル: normal
nazoq_032858,お父さんお母さんおばあさん ３人分の呼び名に使えるのは 五十音のどれ？（濁点、半濁点で使い分けるよ）,は,ま,か,し,A,は（パパ 母 ババ）,呼び名は全部２文字だよ,出典: https://nazoq.com/normal/Q032858.html / サイトレベル: normal
nazoq_032855,クレヨンで ２回続けて描こうとすると 手がふるえちゃう色 な〜んだ？,青,赤,黄,緑,A,青（ブルー／ブルブル）,手が◯◯◯◯する,出典: https://nazoq.com/normal/Q032855.html / サイトレベル: normal
nazoq_032853,訪れた人が 全員『とおっ！』とさけぶ場所 ど〜こだ？,港,駅,バス停,店,A,港（みなと／皆「とぉ」）,もじの 音や 意味を くみ合わせて 考えてみて,出典: https://nazoq.com/normal/Q032853.html / サイトレベル: normal
nazoq_032851,◯◯に◯◯つく◯◯ この３か所の◯◯に共通して入るひらがな２文字 な〜んだ？,かみ,がみ,かき,みち,A,かみ（紙に噛みつく神）,◯◯に◯◯つく◯◯さま ともいえる,出典: https://nazoq.com/normal/Q032851.html / サイトレベル: normal
nazoq_032846,自分のはなしばかりする スポーツ選手 だ〜れだ？,ボクサー,野球,ボウリング,ゴルフ,A,ボクサー（僕さぁ〜）,①あのさ〜 ◯◯さ〜
nazoq_032845,固まるマリはカタマリ 陽があたるマリはヒダマリ 雨が降ったあとは どんなマリ？,水溜り,陽だまり,はきだまり,ソースたまり,A,水溜り（みずたまり）,地面にできるよ,出典: https://nazoq.com/normal/Q032845.html / サイトレベル: normal
nazoq_032833,動物だと白 植物だと緑 これな〜んだ？,は,ぬ,も,ほ,A,は（歯／葉）,もじの 音や 意味を くみ合わせて 考えてみて,出典: https://nazoq.com/normal/Q032833.html / サイトレベル: normal
nazoq_032835,なんだかまぬけなスイマセンをいう花って な〜んだ？,スイセン,カスミソウ,アマリリス,バラ,A,スイセン,「マ」ぬけ,出典: https://nazoq.com/normal/Q032835.html / サイトレベル: normal
nazoq_032829,案のなかに 色がはいっている道具 な〜んだ？,アイロン,鋏,ドライバー,包丁,A,アイロン,ひらがなで考えて,出典: https://nazoq.com/normal/Q032829.html / サイトレベル: normal
nazoq_032824,森は森でも 古い家の天井から落ちてくる森 な〜んだ？,雨漏り,水溜り,陽だまり,はきだまり,A,雨漏り（あまもり）,雨の日に落ちてくる,出典: https://nazoq.com/normal/Q032824.html / サイトレベル: normal
nazoq_032820,サインはサインでも コンテストの優勝を決めるサインって な〜んだ？,審査員,裁判員,監査委員,捜査員,A,審査員（しんさいん）,点数をつけたりする◯◯サイン,出典: https://nazoq.com/normal/Q032820.html / サイトレベル: normal
nazoq_032817,おしりにまったく関係ないのに しりからはじまる検査（けんさ）って な〜んだ？,視力検査,耳力検査,学力検査,論理審査,A,視力検査（しりょくけんさ）,しり◯◯けんさ,出典: https://nazoq.com/normal/Q032817.html / サイトレベル: normal
nazoq_032814,手でさわると ものを食べる 足でさわると むこうぎしへわたる これな〜んだ？,はし,かし,ます,まし,A,はし（箸／橋）,①一休さんでも出てくるよね
nazoq_032809,本を燃やすのが好きな人の職業 な〜んだ？,翻訳,司書,宝石鑑定士,医師,A,翻訳（ほんやく）,ほん◯◯,出典: https://nazoq.com/normal/Q032809.html / サイトレベル: normal
nazoq_032802,『青いろのやつは フルシカトだぜ！』という生きもの な〜んだ？,青虫,赤虫,毛虫,昆虫,A,青虫（あおむし）,①むし
nazoq_032799,まんなかに Yがはいっている服って 何色かな？,白色,赤色,青色,黒色,A,白色（ホワイト）,◯ワイ◯,出典: https://nazoq.com/normal/Q032799.html / サイトレベル: normal
nazoq_032797,『あ缶う缶お』これな〜んだ？,映画館,博物館,警察官,迎賓館,A,映画館（えいがかん）,なにが なに？,出典: https://nazoq.com/normal/Q032797.html / サイトレベル: normal
nazoq_032792,どんな本にもいる動物 な〜んだ？,ヒョウ,トラ,オラウータン,ネズミ,A,ヒョウ（ひょうし）／カバ（カバー）もOK,本をめくる前にいるよ,出典: https://nazoq.com/normal/Q032792.html / サイトレベル: normal
nazoq_032776,アジアンテイストな 荒れた天気って な〜んだ？,台風,嵐,ハリケーン,サイクロン,A,台風（タイ風）,どこふうなの？,出典: https://nazoq.com/normal/Q032776.html / サイトレベル: normal
nazoq_032775,キズはキズでも 風や雲や気圧がのっているキズって な〜んだ？,天気図,大けが,キズ薬,骨折,A,天気図（てんきず）,天気予報で使うよね,出典: https://nazoq.com/normal/Q032775.html / サイトレベル: normal
nazoq_032772,全国に８７８３かしょ ある店って な〜んだ？,花屋さん,床屋さん,魚屋さん,八百屋さん,A,花屋さん（はなやさん／８７８ ３）,数字のごろ,出典: https://nazoq.com/normal/Q032772.html / サイトレベル: normal
nazoq_032768,底を抜くとパンになる便利な道具 な〜んだ？,パソコン,閂,栓抜き,鋏,A,パソコン,逆に パンに底を入れてみて？,出典: https://nazoq.com/normal/Q032768.html / サイトレベル: normal
nazoq_032763,お客さんが一人でも 千人乗せているという乗り物 な〜んだ？,客船,フェリー,バス,車,A,客船（きゃくせん）,きゃくが せんにん,出典: https://nazoq.com/normal/Q032763.html / サイトレベル: normal
nazoq_032762,箸置きに付いている調味料 な〜んだ？,しお,わさび,こしょう,マヨネーズ,A,しお（は「しお」き）,はしおき に ついている,出典: https://nazoq.com/normal/Q032762.html / サイトレベル: normal
nazoq_032751,なかに トロールが入っているくるまって な〜んだ？,パトロールカー,パトカー,霊柩車,救急車,A,パトロールカー,◯トロール◯◯,出典: https://nazoq.com/normal/Q032751.html / サイトレベル: normal
nazoq_032745,笑っている人ばかりの店って なに屋さん？,薬屋,床屋さん,魚屋さん,八百屋さん,A,薬屋（クスリ屋）,ちょっとだけ笑っていることを なんと表現するかな？,出典: https://nazoq.com/normal/Q032745.html / サイトレベル: normal
nazoq_032743,もちはもちでも 低い姿勢（しせい）で食べるもちって な〜んだ？,鏡餅,磯部餅,きな粉餅,ずんだ餅,A,鏡餅（かがみもち）,低い姿勢になることをなんというかな？,出典: https://nazoq.com/normal/Q032743.html / サイトレベル: normal
nazoq_032741,一人前へった給食って いつ食べる？,夜,朝,昼,夕,A,夜（給食→9食→8食→夜食）,きゅうしょくじゃなくて あれになるから、、、,出典: https://nazoq.com/normal/Q032741.html / サイトレベル: normal
nazoq_032740,目玉は目玉でも 口に入れられる目玉って な〜んだ？,飴玉,目玉焼き,グミ,せんべい,A,飴玉（あめだま）,あまい たべもの,出典: https://nazoq.com/normal/Q032740.html / サイトレベル: normal
nazoq_032739,カレーが届く順番が気になる料理 な〜んだ？,カレー南蛮,カレーライス,鰈の煮つけ,カレーラーメン,A,カレー南蛮（なんばん）,１番？２番？え〜〜〜？,出典: https://nazoq.com/normal/Q032739.html / サイトレベル: normal
nazoq_000057,野球がヘタな動物 な〜んだ？,オラウータン,猿,トラ,ネズミ,A,オラウータン（おら、打たん）,打たない打たない。俺は打たない！,出典: https://nazoq.com/normal/Q000057.html / サイトレベル: normal
nazoq_032728,ネオンさんが逆立ちして商売を始めました どんな商売？,農園,酪農,工場,バーテンダー,A,農園（農業）（neon→noen）,英語,出典: https://nazoq.com/normal/Q032728.html / サイトレベル: normal
nazoq_034700,海のおしりに １をたすと出てくる どうぶつ な〜んだ？,牛,羊,虎,鼠,A,牛（うし）,うみの尻は「み」,出典: https://nazoq.com/normal/Q034700.html / サイトレベル: normal
nazoq_000051,人のからだのなかに はえている木って な〜んだ？,臓器,骨,髪の毛,皮膚,A,臓器（ぞうき）,○○き,出典: https://nazoq.com/normal/Q000051.html / サイトレベル: normal
nazoq_032727,お金の計算は得意かな？ 7万+5万は12万 では7万×5万はいくら？,35億,30億,25万,1億,A,35億（3,500,000,000）,数字で書いてみると まる分かり,出典: https://nazoq.com/normal/Q032727.html / サイトレベル: normal
nazoq_032726,前の数字を消すと16 うしろの数字を消すと60 この数字な〜んだ？,六十六,五十三,二十四,六,A,六十六,まんなかの数字を 隠しても隠さなくても 同じ数字,出典: https://nazoq.com/normal/Q032726.html / サイトレベル: normal
nazoq_032718,急須（きゅうす）に お酢を入れて コップに注いだら 味が変わったよ なにになった？,ジュース,コーラ,ソーダ,茶,A,ジュース（９す＋す＝１０す）,たし算,出典: https://nazoq.com/normal/Q032718.html / サイトレベル: normal
nazoq_032715,村井さんが お酢にかこまれて作る料理 な〜んだ？,オムライス,カレーライス,トルコライス,タコライス,A,オムライス（オ村井ス）,むらい のまわりに おす,出典: https://nazoq.com/normal/Q032715.html / サイトレベル: normal
nazoq_000046,茎は食べもの 肩は文房具 坂はスポーツ このスポーツの種目なあに？,サッカー,棒高跳び,ボウリング,ゴルフ,A,サッカー,くき、かた、さか,出典: https://nazoq.com/normal/Q000046.html / サイトレベル: normal
nazoq_000045,酸素に１足すと なにになる？,しそ,みかん,らっきょ,さんご,A,しそ（３そ→４そ）,やくみ,出典: https://nazoq.com/normal/Q000045.html / サイトレベル: normal
nazoq_000044,【◯◎◯◎？◯】この？に入る記号 な〜んだ？,○,◎,△,□,A
nazoq_000041,パン屋のたなに置いてあっても どんなにおいしそうでも お客さんが見向きもしないパン どんなパン？,蒸しパン,アンパン,カレーパン,クリームパン,A,蒸しパン（無視パン）,見ないよ。◯◯しちゃうよ。,出典: https://nazoq.com/normal/Q000041.html / サイトレベル: normal
nazoq_000042,持つだけで 手が震えてしまう家具って なあに？,テーブル,椅子,こたつ,本棚,A,テーブル（手ぇぶるっ）,手が◯◯◯◯と震える,出典: https://nazoq.com/normal/Q000042.html / サイトレベル: normal
nazoq_000040,同じような曲ばかりなのは どんなジャンルの音楽？,童謡,クラシック,プログレッシブロック,アンビエント,A,童謡（同様）,同じようなジャンル＝◯◯◯◯のジャンル,出典: https://nazoq.com/normal/Q000040.html / サイトレベル: normal
nazoq_000039,取調べ中の犯人が『絶対に本当のことは言わない！』と誓いながら食べる食べもの な〜んだ？,白米,漬物,おにぎり,蕎麦,A,白米（吐くまい）,刑事「いいかげん、吐いたらどうなんだ？」
nazoq_000037,朝と夕方に焼けるものって なあに？,空,太陽,地平線,海,A,空（そら）（朝は朝焼け、夕方は夕焼け）,あさ◯◯ ゆう◯◯,出典: https://nazoq.com/normal/Q000037.html / サイトレベル: normal
nazoq_032714,小石を取っちゃう宝石って な〜んだ？,トルコ石,方解石,橄欖岩,砂岩,A,トルコ石（取る小石）,倒置法で そのまんま,出典: https://nazoq.com/normal/Q032714.html / サイトレベル: normal
nazoq_000469,どれだけたくさんいても １ぴきしかいないという どうぶつって なぁに？,いぬ,ねこ,ぶた,たぬき,A,いぬ（ワン！）,なきごえが 「１ぴき！」,出典: https://nazoq.com/normal/Q000469.html / サイトレベル: normal
nazoq_032712,忘れられない夏ってきくと 青春だけど ぽっかり穴があいた夏は な〜んだ？,ドーナツ,たいや,まかろん,サモエド,A,ドーナツ,たとえに引きずられずに 穴のあいたナツを考えるんだ！,出典: https://nazoq.com/normal/Q032712.html / サイトレベル: normal
nazoq_000027,どれだけ広い玄関でも せまくなるのは くつをいくつ置いた時？,９こ,7こ,８こ,１０こ,A,９こ（９くつ＝きゅうくつ）,せまくなる
nazoq_000082,どこもこわれていないのに 修理が必要な調味料って なあに？,こしょう,しお,ソース,こしょう,A,こしょう（故障）,なまえが こわれていそう,出典: https://nazoq.com/normal/Q000082.html / サイトレベル: normal
nazoq_000038,カレンダーにしっかり書かれているのに はっきりしない日って いつ？,５日,２日,10日,9日,A,５日（いつか）,はっきりしないなあ。いつなの？,出典: https://nazoq.com/normal/Q000038.html / サイトレベル: normal
nazoq_032702,あたまに毛がはえると わるぐちばかり いっちゃうやさいって な〜んだ？,茄子,ピーマン,キャベツ,ジャガイモ,A,茄子（ なす）,なまえのあたまに 「け」をつけると そういう意味になっちゃう,出典: https://nazoq.com/normal/Q032702.html / サイトレベル: normal
nazoq_032701,どんなにおいしくても 名前のなかに お客さんが買ってくれないことが予言されている野菜って な〜んだ？,ほうれんそう,きゅうり,なすび,ピーマン,A,ほうれんそう（ほ 売れん そう）,①買ってくれない＝売れ◯
nazoq_032733,おしりからおつりが出てくるのって 何月かな？,４月,５月,３月,７月,A,４月（しがつ）,おしりとおつり なにがちがう？,出典: https://nazoq.com/normal/Q032733.html / サイトレベル: normal
nazoq_034746,『トトトッ トトトッ』っと走るのりもの な〜んだ？,トロッコ,トトロ,ネコ,バス,A,トロッコ（ト６こ）,いくつあるの？,出典: https://nazoq.com/normal/Q034746.html / サイトレベル: normal
nazoq_032885,高かったり低かったり かわいかったり裏返ったりするもの な〜んだ？,声,マイク,トランプ,花札,A,声（こえ）,①目に見えない◯◯
nazoq_032786,熱湯をあびて叫んだ魚って だ〜れだ？,鯵,鯖,鮎,鮪,A,アジ（あっじ〜〜〜！！！）,どう叫んだか シミュレーションしてみて,出典: https://nazoq.com/normal/Q032786.html / サイトレベル: normal
nazoq_032812,二度焼きが くせになっている人の職業 な〜んだ？,通訳,翻訳,司書,医師,A,通訳（つうやく／２やく）,２度焼く＝◯◯◯く,出典: https://nazoq.com/normal/Q032812.html / サイトレベル: normal
nazoq_032673,「うすいくだり」の反対にあるもの な〜んだ？,鯉のぼり,うなぎ上り,逆上がり,右肩上がり,A,鯉のぼり（こいのぼり）,うすい／くだり それぞれ反対にして,出典: https://nazoq.com/normal/Q032673.html / サイトレベル: normal
nazoq_032668,絶対に 焼いてから販売しなきゃいけないたべもの な〜んだ？,しゅうまい,まんじゅう,カレー,かき,A,しゅうまい（焼売）,漢字の名前が そうなってるんだもの,出典: https://nazoq.com/normal/Q032668.html / サイトレベル: normal
nazoq_032666,【耳本鼻口】この道具 な〜んだ？,メガホン,アイロン,聴診器,ドライバー,A,メガホン（目が本）,なにが なにになってる？,出典: https://nazoq.com/normal/Q032666.html / サイトレベル: normal
nazoq_032665,【ほ み ざ ふ ど】共通しておしりにつく言葉 な〜んだ？,くろ,しろ,きいろ,みどり,A,くろ,2文字,出典: https://nazoq.com/normal/Q032665.html / サイトレベル: normal
nazoq_032646,ネコは0点 イヌは1点 ウマは4点 じゃあクマはなん点？,4点,２点,6点,10点,A,4点（漢字の点の数）,漢字にしてみて,出典: https://nazoq.com/normal/Q032646.html / サイトレベル: normal
nazoq_032642,甘くて栄養たっぷりは蜂蜜 感染症拡大の危険があるのは３密 こっそりひっそりは な〜んだ？,隠密,はちみつ,秘密,密豆,A,隠密（おんみつ）,◯◯みつ,出典: https://nazoq.com/normal/Q032642.html / サイトレベル: normal
nazoq_032640,だれでも こっそり１３２こ もっているものって な〜んだ？,秘密,はちみつ,隠密,密豆,A,秘密（ひみつ）,１３２って なんてよめる？,出典: https://nazoq.com/normal/Q032640.html / サイトレベル: normal
nazoq_034739,全国に 2983店舗あるお店 な〜んだ？,肉屋さん,床屋さん,魚屋さん,八百屋さん,A,肉屋さん（2983／にくや さん）,いろんな読み方 ためしてみて,出典: https://nazoq.com/normal/Q034739.html / サイトレベル: normal
nazoq_032552,【あいうえいちゃん】これだ〜れだ？,お兄ちゃん,おばあさん,せんせい,おとうさん,A,お兄ちゃん（おにいちゃん）,なにになにが入っている？,出典: https://nazoq.com/normal/Q032552.html / サイトレベル: normal
nazoq_032548,【おおおううう】これだ〜れだ？,お父さん,おばあさん,せんせい,おにいさん,A,お父さん（おとうさん）,なにとなにが いくつ？,出典: https://nazoq.com/normal/Q032548.html / サイトレベル: normal
nazoq_032488,熊（くま）の毛をぬくと なにに変身する？,馬,蛙,狐,コアラ,A,馬（KUMA→UMA）,Kをぬこう,出典: https://nazoq.com/normal/Q032488.html / サイトレベル: normal
nazoq_032482,ジャンプ大会 ジュニア部門 ビリだったのは だれかな？【カンガルー うさぎ カエル バッタ】,カエル,カンガルー,ウサギ,バッタ,A,カエル,そもそもジャンプできないやつがいたんだ,出典: https://nazoq.com/normal/Q032482.html / サイトレベル: normal
nazoq_032466,ガチガチのイカばかり食べている先生が 教えている教科って な〜んだ？,家庭,数学,国語,社会,A,ないです,ガチガチのイカ＝◯◯◯イカ,出典: https://nazoq.com/normal/Q032466.html / サイトレベル: normal
nazoq_032464,西郷隆盛が いつも食事のシメに食べていたものって な〜んだ？,うどん,そば,さつまあげ,焼酎,A,うどん（西郷どん 最後うどん）,やっぱり最後は,出典: https://nazoq.com/normal/Q032464.html / サイトレベル: normal
nazoq_032462,押すと気持ちいい 落とすと割れる これな〜んだ？,ツボ,ガラス,リモコン,コリ,A,ツボ（壺）,マッサージだったり 骨董（こっとう）だったり,出典: https://nazoq.com/normal/Q032462.html / サイトレベル: normal
nazoq_032454,お父さんだけ 誘拐（ゆうかい）されちゃう場所 ど〜こだ？,地中海,黒海,インド洋,スペイン,A,地中海（ちち ゅうかい）,どこかの海だよ,出典: https://nazoq.com/normal/Q032454.html / サイトレベル: normal
nazoq_032452,腰痛の人 腹痛の人 頭痛の人 虫歯の人  金欠のときに一緒に食事に行くなら だれがいいかな？,腹痛の人,腹痛の人,虫歯の人,頭痛の人,A,腹痛の人（腹痛い＝払いたい 人だから）,おごってくれる人が いいな,出典: https://nazoq.com/normal/Q032452.html / サイトレベル: normal
nazoq_032443,10秒まってから たべる野菜って な〜んだ？,トマト,とうもろこし,おくら,からしな,A,トマト（10待とう）,よし 10カウント 待とうか,出典: https://nazoq.com/normal/Q032443.html / サイトレベル: normal
nazoq_032440,水道のメンテナンスは週２回です 下水道のメンテナンスは週何回？,３回,４回,５回,２回,A,３回（月 水 土）,水道のメンテナンスは、水曜日と土曜日です。,出典: https://nazoq.com/normal/Q032440.html / サイトレベル: normal
nazoq_032431,誕生日に旅行するなら なにで移動するのがいいかな？,バス,タクシー,電車,車,A,バス（バースデー→バスで）,誕生日なら〜 あれで〜,出典: https://nazoq.com/normal/Q032431.html / サイトレベル: normal
nazoq_032429,従来のことと 反対のことばかりやる国って ど〜こだ？,コンゴ,ネパール,イギリス,ニウエ,A,コンゴ（今後）,アフリカの国だよ,出典: https://nazoq.com/normal/Q032429.html / サイトレベル: normal
nazoq_032428,とんかつが 四角形で出てくるのは 東京のどこ？,葛飾区,墨田区,新宿区,大田区,A,葛飾区（カツ四角）,なに区？,出典: https://nazoq.com/normal/Q032428.html / サイトレベル: normal
nazoq_032318,【9中小いも】これな〜んだ？,大学いも,じゃがいも,ぐみ,抜糸地瓜,A,大学いも,なにかがなにかに おきかえられているね,出典: https://nazoq.com/normal/Q032318.html / サイトレベル: normal
nazoq_032692,立つと低い すわると高い 寝るともっと高い これな〜んだ？,天井,ベッド,すいみん,布団,A,天井（てんじょう）,①おうちのなかにあるよ
nazoq_032470,宝石屋さんに入ると ぜったいにオススメしてくる宝石って な〜んだ？,水晶,ダイヤモンド,エメラルド,ルビー,A,水晶（すいしょう／推奨）,おみせの◯◯◯◯◯しょうひん なんだね,出典: https://nazoq.com/normal/Q032470.html / サイトレベル: normal
nazoq_032310,高いところから そのまま落としたときと 逆さまに落としたときで 落差が出る木って な〜んだ？,桜,蜜柑,松,葡萄,A,桜（さくら）,らくさが出てくる 当たり前だね,出典: https://nazoq.com/normal/Q032310.html / サイトレベル: normal
nazoq_032308,この花な〜んだ？ まるい顔が 緑から黄色に変わると 黄色いたてがみもでてくる そして 顔は茶色になっちゃった！,向日葵,桔梗,蓮,菫,A,向日葵（ひまわり）,ザ・夏！,出典: https://nazoq.com/normal/Q032308.html / サイトレベル: normal
nazoq_032298,よだれをたらしていそうな木って な〜んだ？,椿,桜,杉,松,A,椿（つばき）,よだれって ◯◯っていうよね,出典: https://nazoq.com/normal/Q032298.html / サイトレベル: normal
nazoq_032284,あたまに「あ」をつけると とってもおそろしいものになる動物 な〜んだ？,くま,ひつじ,やぎ,ライオン,A,くま（あ くま→悪魔）,かみさまの てき,出典: https://nazoq.com/normal/Q032284.html / サイトレベル: normal
nazoq_032274,そこにいるのに いないよ とツッコむ 海の動物 な〜んだ？,イルカ,シャチ,サバ,ラッコ,A,イルカ（居るかぁ！）,関西の芸人が いいそうな セリフで どうぞ,出典: https://nazoq.com/normal/Q032274.html / サイトレベル: normal
nazoq_032266,家をたてるはずなのに たてられなかった人が かわりにたてたもの な〜んだ？,腹,肺,鼻,肝臓,A,腹（はら）,そりゃ くやしいよね〜,出典: https://nazoq.com/normal/Q032266.html / サイトレベル: normal
nazoq_032264,学校で 体操の時間に ひっくり返っちゃった人 どうなった？,早退した,退学した,オリンピックに出場した,有名になった,A,早退した,たい そう ひっくり返って,出典: https://nazoq.com/normal/Q032264.html / サイトレベル: normal
nazoq_032263,うどんをつぶすと できあがる料理 な〜んだ？,牛丼,天丼,かつ丼,豚丼,A,牛丼（ぎゅ！うどん）,「ぐぐぐっ」とつぶす？「ぶちゅっ〜」と？
nazoq_032261,5月5日におどるのは どんなおどりかな？,タンゴ,サンバ,盆踊り,バレエ,A,タンゴ（5/5は端午の節句／たんごのせっく）,5月5日は なんの日？ それに見合う ダンスのジャンルは？,出典: https://nazoq.com/normal/Q032261.html / サイトレベル: normal
nazoq_032128,ねるとき 部屋のすみっこでねるのは だ〜れだ？,親,子,薬,中,A,親（おや）,ねるとき なんて言って ねるかな？,出典: https://nazoq.com/normal/Q032128.html / サイトレベル: normal
nazoq_032117,高校生＝恋 乳母車＝馬 警察官＝○ さて ○に入る漢字 な〜んだ？,剣,縦,遺産,毛糸,A,剣（※読みが「けん」ならなんでもOK）,海水浴＝格 生活感＝線,出典: https://nazoq.com/normal/Q032117.html / サイトレベル: normal
nazoq_032091,人を乗せる馬の 背中にたっているたてもの な〜んだ？,くら,とら,たてがみ,てい鉄,A,くら（鞍／倉）,人を乗せるためのアレね,出典: https://nazoq.com/normal/Q032091.html / サイトレベル: normal
nazoq_032082,左右が 木にかこまれている都道府県 ど〜こだ？,栃木県,滋賀県,埼玉県,大分県,A,栃木県（とちぎけん）,木○木県,出典: https://nazoq.com/normal/Q032082.html / サイトレベル: normal
nazoq_032080,ひっくり返すと しっかりつかみそうな都道府県って どこ？,滋賀県,愛媛県,長野県,大阪府,A,滋賀県（しが／ガシッ‼）,擬音（ぎおん）、効果音（こうかおん）,出典: https://nazoq.com/normal/Q032080.html / サイトレベル: normal
nazoq_032075,なんでもぬすむけど 飼われている動物はぬすまないどろぼうの 好きなもの な〜んだ？,トランペット,ファゴット,ピアノ,バイオリン,A,トランペット,楽器（がっき）,出典: https://nazoq.com/normal/Q032075.html / サイトレベル: normal
nazoq_032097,寝るとき いつも部屋のすみで寝る人 だ〜れだ？,親,子,姉,父,A,親（おや すみ）,寝てみて？さあ寝てみて？礼儀正しくね？,出典: https://nazoq.com/normal/Q032097.html / サイトレベル: normal
nazoq_034807,絶対に なぐったりけったりできない犬 な〜んだ？,柴犬,サモエド,秋田犬,チワワ,A,柴犬（しばいぬ／しばけん／シバけない）,大阪とか 関西の人は とくに当てはまるよ,出典: https://nazoq.com/normal/Q034807.html / サイトレベル: normal
nazoq_031849,あたまに「お」をつけると 和菓子（わがし）になるくだもの な〜んだ？,柿,梨,林檎,栗,A,柿（かき）→「お」をつけると御欠（おかき）,お◯◯とは、もち米を主原料とした焼き(揚げ）菓子です,出典: https://nazoq.com/normal/Q031849.html / サイトレベル: normal
nazoq_031843,大人も子供もはける 動物もみんなはける 魚もはけるもの これな〜んだ？,息,鱗,餌,靴,A,息（いき）,生きていくため,出典: https://nazoq.com/normal/Q031843.html / サイトレベル: normal
nazoq_031838,天気がいいと たくさん出てくるナタって な〜んだ？,日向,ナタマメ,鉈,納豆,A,日向（ひなた）,日光の当たっている方・場所のことを,出典: https://nazoq.com/normal/Q031838.html / サイトレベル: normal
nazoq_031837,中心にしっかりと数字の１がとおっているくだもの な〜んだ？,無花果,梨,柿,栗,A,無花果（イチジク）,1が このくだものの◯◯となっているんだね,出典: https://nazoq.com/normal/Q031837.html / サイトレベル: normal
nazoq_031828,野菜をしなしなに弱らせてしまいそうな調味料 な〜んだ？,からし,わさび,こしょう,しお,A,からし（枯らし）,植物がしなしなに よわることを,出典: https://nazoq.com/normal/Q031828.html / サイトレベル: normal
nazoq_031821,人の体で一番下にある首（くび）は足首 じゃあ首よりも上から出る首って な〜んだ？,欠伸,ろくろ首,皺,ほくろ,A,欠伸（あくび）,たまに 口から出る,出典: https://nazoq.com/normal/Q031821.html / サイトレベル: normal
nazoq_031815,草をとると ハイになっちゃう野菜 な〜んだ？,白菜,キャベツ,おくら,ニガウリ,A,白菜（はくさい）,名前のまんなかに「くさ」があるよ,出典: https://nazoq.com/normal/Q031815.html / サイトレベル: normal
nazoq_031814,【池 星 ヒョウ 岩 ラク】共通してうしろにつく言葉 な〜んだ？,がき,さん,がみ,れん,A,がき,石 上 渋（しぶ） 品（しな） 筋（すじ）,出典: https://nazoq.com/normal/Q031814.html / サイトレベル: normal
nazoq_032304,すぐに生まれ故郷に帰っちゃう花って な〜んだ？,桔梗,蓮,菫,桜,A,桔梗（ききょう）,ワタシ、◯◯◯◯します！,出典: https://nazoq.com/normal/Q032304.html / サイトレベル: normal
nazoq_031811,ママの4つ下のフルーツって な〜んだ？,もも,さくらんぼ,いちご,みかん,A,桃（もも）,ママの1つ下は耳だよね,出典: https://nazoq.com/normal/Q031811.html / サイトレベル: normal
nazoq_032297,ネズミの口もとに咲いている花って な〜んだ？,チューリップ,カスミソウ,蓮,バラ,A,チューリップ,くちびるをえいごで なんという？,出典: https://nazoq.com/normal/Q032297.html / サイトレベル: normal
nazoq_031799,スターはスターでも 男の人にしか使えないスターって な〜んだ？,ミスター,マスター,スーパースター,スターアニス,A,ミスター（Mr.）,男性の敬称（けいしょう）といえば,出典: https://nazoq.com/normal/Q031799.html / サイトレベル: normal
nazoq_031759,目に足が２本はえている 水の中の生きもの な〜んだ？,貝,鮫,タコ,ウニ,A,貝（かい）,実は かんじのもんだい,出典: https://nazoq.com/normal/Q031759.html / サイトレベル: normal
nazoq_031758,熱くて さわるとやけどしちゃうのに 中に人が入っているもの な〜んだ？,火,水,木,土,A,火,かんじのもんだい,出典: https://nazoq.com/normal/Q031758.html / サイトレベル: normal
nazoq_031756,１本の長〜い木があります この木が逆立ちすると なにになるかな？,きのこ,しだ,花,コケ,A,きのこ,ひっかけもんだい まどわされるな,出典: https://nazoq.com/normal/Q031756.html / サイトレベル: normal
nazoq_031745,父は一度も会えなかった しかしパパは二度も会えた これな〜んだ？,唇,歯,鼻,耳,A,唇（くちびる）,声に出してみて ２回会えるから,出典: https://nazoq.com/normal/Q031745.html / サイトレベル: normal
nazoq_031743,きのこに よくはいっている植物って な〜んだ？,竹,花,野菜,果物,A,竹（たけ）,きのこの名前のなかに よく見かけるよね,出典: https://nazoq.com/normal/Q031743.html / サイトレベル: normal
nazoq_031740,畑にあるけど 畑では育たない植物 な〜んだ？,竹,花,野菜,果物,A,竹（たけ）,こたえは文字の中にある,出典: https://nazoq.com/normal/Q031740.html / サイトレベル: normal
nazoq_031738,ひらがなで １文字だと数字 ２文字ならべると動物 ３文字は笑い声 これな〜んだ？,し,な,も,ほ,A,し,とても強い動物だよ,出典: https://nazoq.com/normal/Q031738.html / サイトレベル: normal
nazoq_031736,ひらがなで １文字だと数字 ２文字ならべると1文字より７２大きい数字 な〜んだ？,く,な,も,ほ,A,く,1文字の数字は1桁だよ,出典: https://nazoq.com/normal/Q031736.html / サイトレベル: normal
nazoq_032764,水を食べて小さくなって 木を食べて大きくなる これな〜んだ？,火,水,木,土,A,火,水に弱くて 木はエネルギーになる,出典: https://nazoq.com/normal/Q032764.html / サイトレベル: normal
nazoq_031730,キャラメルのまんなかを食べる動物 な〜んだ？,らくだ,らっこ,コアラ,猫,A,らくだ（キャメル）,まんなかの「ラ」を食べてみて,出典: https://nazoq.com/normal/Q031730.html / サイトレベル: normal
nazoq_031720,酢は酢でも 使いたくてもフタが開けられなくて使えない酢って な〜んだ？,赤酢,黒酢,米酢,バルサミコ酢,A,赤酢（開かず）,残念ながら このフタ ◯◯◯,出典: https://nazoq.com/normal/Q031720.html / サイトレベル: normal
nazoq_032771,食べると １万個のアイディアがうかぶ食べもの な〜んだ？,あんまん,肉まん,鰯,ラーメン,A,あんまん（案万）,アイディア＝◯◯,出典: https://nazoq.com/normal/Q032771.html / サイトレベル: normal
nazoq_031711,キンはキンでも おにく屋さんにおいてあるキンって な〜んだ？,チキン,キッチン,金額,包丁,A,チキン（とり肉）,◯キン,出典: https://nazoq.com/normal/Q031711.html / サイトレベル: normal
nazoq_031710,キンはキンでも やおやにおいてあるキンって な〜んだ？,パンプキン,大金,さきん,ひきん,A,パンプキン（かぼちゃ）,◯◯◯キン,出典: https://nazoq.com/normal/Q031710.html / サイトレベル: normal
nazoq_031699,百箱から ひと箱取ると出てくる箱 な〜んだ？,救急箱,質問箱,投書箱,意見箱,A,救急箱（きゅうきゅうばこ）,九十九箱つまり,出典: https://nazoq.com/normal/Q031699.html / サイトレベル: normal
nazoq_031696,おしりに『れる』をつけると 火がとおっちゃう野菜って な〜んだ？,にら,白菜,キャベツ,おくら,A,にら,野菜は◯◯れると 火がとおるよね,出典: https://nazoq.com/normal/Q031696.html / サイトレベル: normal
nazoq_031692,Ａ、Ｂ、Ｃ 、Ｄ３つのボールのなかで 一番ころがるのは どれかな？,Ｂ,A,C,D,A,Ｂ（ビー玉）,ボールは玉（たま）です,出典: https://nazoq.com/normal/Q031692.html / サイトレベル: normal
nazoq_031690,渡廊下（わたりろうか）のうしろにかくれている虫 な〜んだ？,蚊,カブトムシ,カタツムリ,ナメクジ,A,蚊（か）,シンプルに考えよう！,出典: https://nazoq.com/normal/Q031690.html / サイトレベル: normal
nazoq_031684,『101064』このいきもの な〜んだ？,てんとうむし,かぶとむし,くわがたむし,ぞうりむし,A,てんとうむし,1010むし,出典: https://nazoq.com/normal/Q031684.html / サイトレベル: normal
nazoq_031682,１本なのに９０４本ありそうな文房具 な〜んだ？,クレヨン,いろえんぴつ,こぴっく,チョーク,A,クレヨン（904）,９０４ってなんてよめる？,出典: https://nazoq.com/normal/Q031682.html / サイトレベル: normal
nazoq_031673,寿司は寿司でも すぐにみんなのいうことをきいちゃう寿司って な〜んだ？,いなり寿司,押し寿司,ます寿司,ふな寿司,A,いなり寿司（いいなり寿司）,すぐにみんなの◯◯◯り,出典: https://nazoq.com/normal/Q031673.html / サイトレベル: normal
nazoq_031671,【さくらんぼ いちご もも シャインマスカット】 川を見つめながらたべるもの な〜んだ？,もも,さくらんぼ,いちご,シャインマスカット,A,もも（川／皮を むいてたべる）,かわを ◯◯◯ たべる,出典: https://nazoq.com/normal/Q031671.html / サイトレベル: normal
nazoq_031669,うどん ピーマン にんじん スパゲッティ なかまはずれ な〜んだ？,ピーマン,うどん,ニンジン,スパゲッティ,A,ピーマン（切り口がまるくない）,そうだ まんなかから切ってみよう,出典: https://nazoq.com/normal/Q031669.html / サイトレベル: normal
nazoq_031668,ヤモリ かものはし ナマケモノ 全員がもっているおかしって な〜んだ？,もなか,マドレーヌ,団子,ケーキ,A,もなか（名前のナカに「モ」がはいっている）,名前のなかに ◯がはいっている,出典: https://nazoq.com/normal/Q031668.html / サイトレベル: normal
nazoq_031650,かかると 子供みたいに泣いちゃう病気って な〜んだ？,鼻炎,風邪,頭痛,骨折,A,鼻炎（びえん）（びえ〜ん）,子供みたいに泣いてみて？,出典: https://nazoq.com/normal/Q031650.html / サイトレベル: normal
nazoq_032435,大金持ちの御曹司（おんぞうし）が知らない色って なに色？,黒,青,赤,黄,A,黒（苦労知らず→ 黒 知らず）,なにも 困ったことなさそうだから,出典: https://nazoq.com/normal/Q032435.html / サイトレベル: normal
nazoq_031645,カメはカメでも 高いところにいくほど よくなるカメ な〜んだ？,ながめ,たがめ,さかな,かまきり,A,ながめ,高いところほど ◯◯◯のいいけしき,出典: https://nazoq.com/normal/Q031645.html / サイトレベル: normal
nazoq_032907,天使は天使でも 電車の先頭にいる天使 だ〜れだ？,運転士,弁護士,医師,死神,A,運転士（うんてんし）,◯◯てんし,出典: https://nazoq.com/normal/Q032907.html / サイトレベル: normal
nazoq_031638,工事現場で ただ置いてあるだけなのに 爆発していそうなもの な〜んだ？,土管,鉄管,鉄骨,水道管,A,土管（ドカン）,名前が爆発する音みたい,出典: https://nazoq.com/normal/Q031638.html / サイトレベル: normal
nazoq_031636,ソファーのうえで かぜぎみの人がもっているもの な〜んだ？,クッション,まくら,ふとん,いす,A,クッション,かぜぎみで くしゃみが出ちゃう,出典: https://nazoq.com/normal/Q031636.html / サイトレベル: normal
nazoq_031624,いつも大声で ほえていそうな 海の生きもの だ〜れだ？,くじら,サメ,シャチ,ラッコ,A,くじら（英語でホエール）,英語の名前が ほえそうだもんね,出典: https://nazoq.com/normal/Q031624.html / サイトレベル: normal
nazoq_031619,なんでも ギューッと押しちゃう鳥って だ〜れだ？,オシドリ,鷲,鷹,白鳥,A,オシドリ,なんでも おす とり,出典: https://nazoq.com/normal/Q031619.html / サイトレベル: normal
nazoq_031616,海にある 伝説の井戸って な〜んだ？,マーメイド,サメ,シャチ,ラッコ,A,マーメイド,あるというより 伝説上 いる,出典: https://nazoq.com/normal/Q031616.html / サイトレベル: normal
nazoq_031615,海水浴場にかくれているフルーツ な〜んだ？,すいか,もも,さくらんぼ,いちご,A,すいか（かいす いよくじょう）,かいすいよくじょう,出典: https://nazoq.com/normal/Q031615.html / サイトレベル: normal
nazoq_031612,見つめると 視界（しかい）がぼやけちゃう花って な〜んだ？,カスミソウ,アマリリス,バラ,ラベンダー,A,カスミソウ,見ると目が◯◯◯◯◯,出典: https://nazoq.com/normal/Q031612.html / サイトレベル: normal
nazoq_031611,さかさまにすると 人が住めそうな魚って だ〜れだ？,エイ,鯖,鰯,秋刀魚,A,エイ（家）,人が住むのはどこ？,出典: https://nazoq.com/normal/Q031611.html / サイトレベル: normal
nazoq_031606,手につけるものだけど ひっくり返すと妖怪（ようかい）になっちゃうもの な〜んだ？,軍手,烏天狗,管狐,工具,A,軍手（ぐんて）,そのようかいは 鼻（はな）が長いよ,出典: https://nazoq.com/normal/Q031606.html / サイトレベル: normal
nazoq_031605,会いに行くと すぐに用件を聞いてくるのって だ〜れだ？,妖怪,姉,怪獣,侍,A,妖怪（ようかい）,なにか◯◯◯◯？,出典: https://nazoq.com/normal/Q031605.html / サイトレベル: normal
nazoq_031589,いちど通るだけで ウロウロしていると思われちゃう場所 ど〜こだ？,通路,迷路,地獄,迷宮,A,通路（つうろ）,ウロウロつまり◯ウロ,出典: https://nazoq.com/normal/Q031589.html / サイトレベル: normal
nazoq_031584,今日は ラの音程を覚えるぞ！ というときに食べるもの な〜んだ？,らっきょう,ライス,ラザニア,ラム肉,A,らっきょう（ラ今日）,なにが今日？,出典: https://nazoq.com/normal/Q031584.html / サイトレベル: normal
nazoq_031583,ひろうと お金を払わされるけど なにも買えなくて なにももらえないもの な〜んだ？,タクシー,バス,船,車,A,タクシー,◯◯◯◯をひろった,出典: https://nazoq.com/normal/Q031583.html / サイトレベル: normal
nazoq_031582,かくと黒くなるのは かきぞめ かくと顔が赤くなるのは な〜んだ？,恥,チョーク,顔,饅頭,A,恥（はじ）,◯◯をかくと はずかしい,出典: https://nazoq.com/normal/Q031582.html / サイトレベル: normal
nazoq_031547,カイはカイでも とっても重〜いかたまりのカイって な〜んだ？,鉄塊,会談,石綿,壁紙,A,鉄塊（てっかい）,きんぞくのかたまり,出典: https://nazoq.com/normal/Q031547.html / サイトレベル: normal
nazoq_031541,ラン（蘭）の花のなかで 経験豊富なランって どんなラン？,ベテラン,アマリリス,ユリ,バラ,A,ベテラン（Veteran）,経験豊富なランはきっと◯◯ランだ！,出典: https://nazoq.com/normal/Q031541.html / サイトレベル: normal
nazoq_031539,なにも悪いことをしていないのに いきなり頭をたたかれるもの な〜んだ？,釘,悪人,膝,ハンマー,A,釘（くぎ）,たたかれて たたかれて 最後は頭いがい うまってしまうよ,出典: https://nazoq.com/normal/Q031539.html / サイトレベル: normal
nazoq_031521,焼いたアレをひっくり返すと 何になる？,タイヤ,クイヤ,サイヤ,深夜,A,タイヤ,やいた,出典: https://nazoq.com/normal/Q031521.html / サイトレベル: normal
nazoq_031511,体の中で 割ると正直になっちゃうもの な〜んだ？,腹,頭,鼻,膝,A,腹（はら）,◯◯を割って話そう,出典: https://nazoq.com/normal/Q031511.html / サイトレベル: normal
nazoq_031503,ハーモニカとトランペットの間に入る楽器 な〜んだ？,カスタネット,ピアノ,レーザーハープ,トランペット,A,カスタネット,しりとり,出典: https://nazoq.com/normal/Q031503.html / サイトレベル: normal
nazoq_031501,一番目でも三番目でも 九番目だという職業 な〜んだ？,大工,花屋,魚屋,YouTuber,A,大工（だいく／第九）,何番目だろうと あなたは ◯◯◯だよ,出典: https://nazoq.com/normal/Q031501.html / サイトレベル: normal
nazoq_031496,見えなくなると くれるもの な〜んだ？,日,水,木,金,A,日（太陽／お日様）,くれると くらくなる,出典: https://nazoq.com/normal/Q031496.html / サイトレベル: normal
nazoq_031483,大人に成長した鳥が 家を出ていくときにたべるフルーツ な〜んだ？,すだち,もも,さくらんぼ,いちご,A,すだち（巣立ち）,そのことをなんという？,出典: https://nazoq.com/normal/Q031483.html / サイトレベル: normal
nazoq_031482,タモリ カモメ ヤモリ みんながもっているおかし な〜んだ？,最中,せんべい,おかき,ポテトチップス,A,最中（もなか）,共通して◯が◯◯にある,出典: https://nazoq.com/normal/Q031482.html / サイトレベル: normal
