ID,出典No,出題レベル,問題文,選択肢A,選択肢B,選択肢C,選択肢D,選択肢E,選択肢F,正解記号,正解テキスト,ヒント,開発者解説
web_001,1,easy / normal,どんなに走っても、飛んでいっても、見えているのに着かないのは何?,占いの本,地平線,手紙,カナダ,優勝,ポスト,B,地平線,空と 地面の 境目。ずっと 先に 見える けど 手が 届かない よ,出典: nazonazo.nihonsimondai.com 第1問。 / 正答: 「地平線」。 / パターン: 動き・時間の比喩（針・影・地平線など、見えているのに追いつけない／戻るもの）。 / 意図: 「どんなに走っても、飛んでいっても、見えているのに着かないのは何？」→「地平線」になるよう読み替える。 / ※ ゲーム内ヒント・UI では使わない開発者メモ。
web_002,2,easy / normal,どんどん進んでも元のところに戻ってきてしまうものは何?,餃子,洗濯バサミ,ダイス,時計の針,水,食事,D,時計の針,同じ 文字盤の 上を ぐるぐる まわる よ,出典: nazonazo.nihonsimondai.com 第2問。 / 正答: 「時計の針」。 / パターン: 動き・時間の比喩（針・影・地平線など、見えているのに追いつけない／戻るもの）。 / 意図: 「どんどん進んでも元のところに戻ってきてしまうものは何？」→「時計の針」になるよう読み替える。 / ※ ゲーム内ヒント・UI では使わない開発者メモ。
web_003,3,easy / normal,どこまでもどこまでも自分にくっついてくる友達といえば?,シラカバ,年齢,影,ろうそく,ワサビ,恋愛,C,影,越えれば 越える ほど 後ろ に 残る,出典: nazonazo.nihonsimondai.com 第3問。 / 正答: 「自分の影」。 / パターン: 擬人化。常についてくる自然現象・影などを「友達」に例える。 / 意図: 「どこまでもどこまでも自分にくっついてくる友達といえば？」→「自分の影」になるよう読み替える。 / ※ ゲーム内ヒント・UI では使わない開発者メモ。
web_004,4,easy / normal,外出していてもいつもおうちにいるものは何?,カイロ,左手,スリッパ,かたつむり,鯉,スパイク,D,かたつむり,体 や 家 の 中 から 連想 してみて,出典: nazonazo.nihonsimondai.com 第4問。 / 正答: 「かたつむり」。 / パターン: 家・室内と屋外、または身体・持ち物など「いつもそこにある／いない」対比の比喩。 / 意図: 「外出していてもいつもおうちにいるものは何？」→「かたつむり」になるよう読み替える。 / ※ ゲーム内ヒント・UI では使わない開発者メモ。
web_005,5,easy / normal,家の前を通り過ぎるだけで絶対に家の中に入ってこないものは?,サイコロ,道路,星,きも,パン,ニセ札,B,道路,家の 前を 通る けど 中には 入らない 道,出典: nazonazo.nihonsimondai.com 第5問。 / 正答: 「道路」。 / パターン: 家・室内と屋外、または身体・持ち物など「いつもそこにある／いない」対比の比喩。 / 意図: 「家の前を通り過ぎるだけで絶対に家の中に入ってこないものは？」→「道路」になるよう読み替える。 / ※ ゲーム内ヒント・UI では使わない開発者メモ。
web_006,6,easy / normal,夏はぶらさがり冬には飛んでいくものといえば?,左手,木の葉,植木,晴天,ろうそく,雪だるま,B,木の葉,夏 下がって 冬 空 へ 行く 緑 や 黄色い もの,出典: nazonazo.nihonsimondai.com 第6問。 / 正答: 「木の葉」。 / パターン: 問いの字面どおりではなく、連想・音・意味のずれから正答にたどり着く。 / 意図: 「夏はぶらさがり冬には飛んでいくものといえば？」→「木の葉」になるよう読み替える。 / ※ ゲーム内ヒント・UI では使わない開発者メモ。
web_007,7,easy / normal,羽もはしごもプロペラもないのに空にのぼっていくのは何?,結婚指輪,ストライク,図書館,信号無視,年齢,けむり,F,けむり,上 へ 行く けど 鳥 でも 飛行機 でも ない,出典: nazonazo.nihonsimondai.com 第7問。 / 正答: 「けむり」。 / パターン: 問いの字面どおりではなく、連想・音・意味のずれから正答にたどり着く。 / 意図: 「羽もはしごもプロペラもないのに空にのぼっていくのは何？」→「けむり」になるよう読み替える。 / ※ ゲーム内ヒント・UI では使わない開発者メモ。
web_008,8,easy / normal,大きな木に登れるのに一滴の水を越えられないのは?,ランドセル,昼食や夕食,木の葉,まばたき,ダイス,あり,F,あり,木 より 高い けど 水 ひと滴 渡れない 生き物？,出典: nazonazo.nihonsimondai.com 第8問。 / 正答: 「あり」。 / パターン: 答えが短い語（1〜2文字）。抽象名詞・自然現象系。 / 意図: 「大きな木に登れるのに一滴の水を越えられないのは？」→「あり」になるよう読み替える。 / ※ ゲーム内ヒント・UI では使わない開発者メモ。
web_009,9,easy / normal,足がないけどやってきて、舌がないけどお話できるものは何?,信号無視,地平線,手紙,ブラックバス,ワサビ,こしょう,C,手紙,声 や 音 で 届ける 道具 か 言葉 かも,出典: nazonazo.nihonsimondai.com 第9問。 / 正答: 「手紙」。 / パターン: 口・舌・耳の有無と、電話・こだま・言葉など「伝える」仕組みのひっかけ。 / 意図: 「足がないけどやってきて、舌がないけどお話できるものは何？」→「手紙」になるよう読み替える。 / ※ ゲーム内ヒント・UI では使わない開発者メモ。
web_010,10,easy / normal,夜になるとやってきて、朝になると自然にいなくなってしまうのは?,うめぼし,やっきょく,星,ぞうきん,手紙,押し出し,C,星,夜 来て 朝 いなく なる 空 の 光,出典: nazonazo.nihonsimondai.com 第10問。 / 正答: 「星」。 / パターン: 昼夜で現れ方が変わるもの（星・月・露など）。 / 意図: 「夜になるとやってきて、朝になると自然にいなくなってしまうのは？」→「星」になるよう読み替える。 / ※ ゲーム内ヒント・UI では使わない開発者メモ。
web_011,11,easy / normal,窓が閉まっているのにガラスを割らないでも部屋の中に入ってくるものは何?,カメレオン,光,カンナ,きも,めんたいこ,野球,B,光,窓 閉まって ても 部屋 に 入って くる,出典: nazonazo.nihonsimondai.com 第11問。 / 正答: 「光」。 / パターン: 答えが短い語（1〜2文字）。抽象名詞・自然現象系。 / 意図: 「窓が閉まっているのにガラスを割らないでも部屋の中に入ってくるものは何？」→「光」になるよう読み替える。 / ※ ゲーム内ヒント・UI では使わない開発者メモ。
web_012,12,easy / normal,うまれたけれどまだうまれていないものといえば?,サイダー,たまご,病院,自分の影,ゴーカート,天の川,B,たまご,カレンダー や 時間 の 話 かも,出典: nazonazo.nihonsimondai.com 第12問。 / 正答: 「たまご」。 / パターン: 問いの字面どおりではなく、連想・音・意味のずれから正答にたどり着く。 / 意図: 「うまれたけれどまだうまれていないものといえば？」→「たまご」になるよう読み替える。 / ※ ゲーム内ヒント・UI では使わない開発者メモ。
web_013,13,easy / normal,生きていると増えていくものは何?,時計の針,やまびこ,カナダ,年齢,ストライク,ゴミ袋,D,年齢,生まれた けど まだ 生まれて ない 時間,出典: nazonazo.nihonsimondai.com 第13問。 / 正答: 「年齢」。 / パターン: 答えが短い語（1〜2文字）。抽象名詞・自然現象系。 / 意図: 「生きていると増えていくものは何？」→「年齢」になるよう読み替える。 / ※ ゲーム内ヒント・UI では使わない開発者メモ。
web_014,14,easy / normal,おてんとうさまをみると冷や汗かいて小さくなるのは何?,トラクター,道路,雪だるま,餃子,かたつむり,空,C,雪だるま,暑い 日 よく 見る と 小さく なる よ,出典: nazonazo.nihonsimondai.com 第14問。 / 正答: 「雪だるま」。 / パターン: 問いの字面どおりではなく、連想・音・意味のずれから正答にたどり着く。 / 意図: 「おてんとうさまをみると冷や汗かいて小さくなるのは何？」→「雪だるま」になるよう読み替える。 / ※ ゲーム内ヒント・UI では使わない開発者メモ。
web_015,15,easy / normal,食べ物があるとなきだして、食べ物がないとだまっているのは何?,はさみ,キャンドル,ウグイス,目薬,ドーナツ,フライパン,F,フライパン,パン という 名前 だけど 食べ物 じゃ ない キッチン 道具,出典: nazonazo.nihonsimondai.com 第15問。 / 正答: 「フライパン」。 / パターン: 空腹・満腹や有無で性質が変わるもの（風船・文房具など）。 / 意図: 「食べ物があるとなきだして、食べ物がないとだまっているのは何？」→「フライパン」になるよう読み替える。 / ※ ゲーム内ヒント・UI では使わない開発者メモ。
web_016,16,easy / normal,耳も口もないのに聞こえるし話す。どんな言葉でも使いこなせるのは何?,タマゴ,やまびこ,カンナ,床屋,おかず,豆腐,B,やまびこ,言葉 や 音 を 運ぶ 仕組み だよ,出典: nazonazo.nihonsimondai.com 第16問。 / 正答: 「やまびこ」。 / パターン: 口・舌・耳の有無と、電話・こだま・言葉など「伝える」仕組みのひっかけ。 / 意図: 「耳も口もないのに聞こえるし話す。どんな言葉でも使いこなせるのは何？」→「やまびこ」になるよう読み替える。 / ※ ゲーム内ヒント・UI では使わない開発者メモ。
web_017,17,easy / normal,名前を呼ぶといなくなってしまうのは何?,カイロ,マカオ,バラ,土手,ゴミ袋,沈黙,F,沈黙,山 や 大きな 部屋 で 返事 が 返る よ,出典: nazonazo.nihonsimondai.com 第17問。 / 正答: 「沈黙」。 / パターン: 「名前を呼ぶと消える」→ こだま、エコーなど。 / 意図: 「名前を呼ぶといなくなってしまうのは何？」→「沈黙」になるよう読み替える。 / ※ ゲーム内ヒント・UI では使わない開発者メモ。
web_018,18,easy / normal,赤い服を着ていつも紙を食べているのは何?,ハゲタカ,野球,ポスト,ススキ,もくじ,時計の針,C,ポスト,赤い 体 紙 ばっか 食べて る 役所 の 仲間,出典: nazonazo.nihonsimondai.com 第18問。 / 正答: 「ポスト」。 / パターン: 問いの字面どおりではなく、連想・音・意味のずれから正答にたどり着く。 / 意図: 「赤い服を着ていつも紙を食べているのは何？」→「ポスト」になるよう読み替える。 / ※ ゲーム内ヒント・UI では使わない開発者メモ。
web_019,19,easy / normal,お腹がいっぱいになると体が軽くなり、お腹がすくと重くなって動きにくくなるのは何?,風船,ポケット,コマ,げんしじん,ボタン,やまびこ,A,風船,お腹 いっぱい だと 軽く すく と 重い,出典: nazonazo.nihonsimondai.com 第19問。 / 正答: 「風船」。 / パターン: 空腹・満腹や有無で性質が変わるもの（風船・文房具など）。 / 意図: 「お腹がいっぱいになると体が軽くなり、お腹がすくと重くなって動きにくくなるのは何？」→「風船」になるよう読み替える。 / ※ ゲーム内ヒント・UI では使わない開発者メモ。
web_020,20,easy / normal,口からだして耳からのみこむものは何?,うめぼし,発見,ことば,綱引き,いかりをしずめる,わかめ,C,ことば,カラオケ や 発表会 で よく 使う よ,出典: nazonazo.nihonsimondai.com 第20問。 / 正答: 「ことば」。 / パターン: 口・舌・耳の有無と、電話・こだま・言葉など「伝える」仕組みのひっかけ。 / 意図: 「口からだして耳からのみこむものは何？」→「ことば」になるよう読み替える。 / ※ ゲーム内ヒント・UI では使わない開発者メモ。
web_021,21,easy / normal,いろんなものを飲み込むけど、水を飲み込むとなくなってしまうものは何?,ハガキ,やまびこ,悪魔,火,ピーターパン,メドレー,D,火,同じ 言葉 でも 意味 が 2通り ある かも,出典: nazonazo.nihonsimondai.com 第21問。 / 正答: 「火」。 / パターン: 答えが短い語（1〜2文字）。抽象名詞・自然現象系。 / 意図: 「いろんなものを飲み込むけど、水を飲み込むとなくなってしまうものは何？」→「火」になるよう読み替える。 / ※ ゲーム内ヒント・UI では使わない開発者メモ。
web_022,22,easy / normal,赤い帽子をかぶると背が低くなっていくのは何?,大関,ろうそく,おしろい,腹,自分の影,植木,B,ろうそく,声 に 出して 読む と ヒント に なる こと も,出典: nazonazo.nihonsimondai.com 第22問。 / 正答: 「ろうそく」。 / パターン: 問いの字面どおりではなく、連想・音・意味のずれから正答にたどり着く。 / 意図: 「赤い帽子をかぶると背が低くなっていくのは何？」→「ろうそく」になるよう読み替える。 / ※ ゲーム内ヒント・UI では使わない開発者メモ。
web_023,23,easy / normal,よろいかぶとを着てるのに腰が曲がっているのは何?,ジャマイカ,エビ,コトリ,腹,えり足,カイロ,B,エビ,食べ物・動物・道具 の どれ でも ない 答え かも,出典: nazonazo.nihonsimondai.com 第23問。 / 正答: 「エビ」。 / パターン: 答えが短い語（1〜2文字）。抽象名詞・自然現象系。 / 意図: 「よろいかぶとを着てるのに腰が曲がっているのは何？」→「エビ」になるよう読み替える。 / ※ ゲーム内ヒント・UI では使わない開発者メモ。
web_024,24,easy / normal,裸は白くて茶色の皮を身につけているのは何?,会社,おしろい,パン,カタール,恥,きも,C,パン,同じ 言葉 でも 意味 が 2通り ある かも,出典: nazonazo.nihonsimondai.com 第24問。 / 正答: 「パン」。 / パターン: 答えが短い語（1〜2文字）。抽象名詞・自然現象系。 / 意図: 「裸は白くて茶色の皮を身につけているのは何？」→「パン」になるよう読み替える。 / ※ ゲーム内ヒント・UI では使わない開発者メモ。
web_025,25,easy / normal,服を脱がずに服をとりかえるのは何?,ススキ,めんたいこ,信号無視,おかず,カメレオン,風船,E,カメレオン,食べ物・動物・道具 の どれ でも ない 答え かも,出典: nazonazo.nihonsimondai.com 第25問。 / 正答: 「カメレオン」。 / パターン: 問いの字面どおりではなく、連想・音・意味のずれから正答にたどり着く。 / 意図: 「服を脱がずに服をとりかえるのは何？」→「カメレオン」になるよう読み替える。 / ※ ゲーム内ヒント・UI では使わない開発者メモ。
web_026,26,easy / normal,子供のときは服を着ていて大人になると裸になるのは何?,竹,げんしじん,クレヨン,こだま,弱虫,なべぶた,A,竹,身の 回り と 言葉 の ダジャレ を 考えてみて,出典: nazonazo.nihonsimondai.com 第26問。 / 正答: 「竹」。 / パターン: 答えが短い語（1〜2文字）。抽象名詞・自然現象系。 / 意図: 「子供のときは服を着ていて大人になると裸になるのは何？」→「竹」になるよう読み替える。 / ※ ゲーム内ヒント・UI では使わない開発者メモ。
web_027,27,easy / normal,作った人は黙っていて持っている人は知らない、知っている人はほしがらないものは何?,こま,豆腐,ニセ札,リス,マカオ,雑煮,C,ニセ札,声 に 出して 読む と ヒント に なる こと も,出典: nazonazo.nihonsimondai.com 第27問。 / 正答: 「ニセ札」。 / パターン: 問いの字面どおりではなく、連想・音・意味のずれから正答にたどり着く。 / 意図: 「作った人は黙っていて持っている人は知らない、知っている人はほしがらないものは何？」→「ニセ札」になるよう読み替える。 / ※ ゲーム内ヒント・UI では使わない開発者メモ。
web_028,28,easy / normal,あらゆる形になれるのにつかめないものは何?,人間,自分自身,目薬,スズキ,水,ろうそく,E,水,身の 回り と 言葉 の ダジャレ を 考えてみて,出典: nazonazo.nihonsimondai.com 第28問。 / 正答: 「水」。 / パターン: 答えが短い語（1〜2文字）。抽象名詞・自然現象系。 / 意図: 「あらゆる形になれるのにつかめないものは何？」→「水」になるよう読み替える。 / ※ ゲーム内ヒント・UI では使わない開発者メモ。
web_029,29,easy / normal,かわいた服を脱いでぬれた服を着るのは何?,逮捕,弱虫,奈良時代,包丁,物干し竿,会社,E,物干し竿,食べ物・動物・道具 の どれ でも ない 答え かも,出典: nazonazo.nihonsimondai.com 第29問。 / 正答: 「物干し竿」。 / パターン: 問いの字面どおりではなく、連想・音・意味のずれから正答にたどり着く。 / 意図: 「かわいた服を脱いでぬれた服を着るのは何？」→「物干し竿」になるよう読み替える。 / ※ ゲーム内ヒント・UI では使わない開発者メモ。
web_030,30,easy / normal,ふたりで一人前でいろんなものをまっぷたつにするのは何?,医者,はさみ,あまやどり,すし詰め,雪だるま,さんぽ,B,はさみ,字面 どおり じゃ ない 読み方 がある よ,出典: nazonazo.nihonsimondai.com 第30問。 / 正答: 「はさみ」。 / パターン: 問いの字面どおりではなく、連想・音・意味のずれから正答にたどり着く。 / 意図: 「ふたりで一人前でいろんなものをまっぷたつにするのは何？」→「はさみ」になるよう読み替える。 / ※ ゲーム内ヒント・UI では使わない開発者メモ。
web_031,31,easy / normal,小さい家に住んでいて頭を焼かれてしまうのは何?,目薬,マッチ,扇風機,ニセ札,結婚指輪,カナダ,B,マッチ,同じ 言葉 でも 意味 が 2通り ある かも,出典: nazonazo.nihonsimondai.com 第31問。 / 正答: 「マッチ」。 / パターン: 問いの字面どおりではなく、連想・音・意味のずれから正答にたどり着く。 / 意図: 「小さい家に住んでいて頭を焼かれてしまうのは何？」→「マッチ」になるよう読み替える。 / ※ ゲーム内ヒント・UI では使わない開発者メモ。
web_032,32,easy / normal,火がないのに燃えるものは何?,えんどう豆,方向音痴,恋愛,ツクシ,悪魔,なめくじ,C,恋愛,食べ物・動物・道具 の どれ でも ない 答え かも,出典: nazonazo.nihonsimondai.com 第32問。 / 正答: 「恋愛」。 / パターン: 答えが短い語（1〜2文字）。抽象名詞・自然現象系。 / 意図: 「火がないのに燃えるものは何？」→「恋愛」になるよう読み替える。 / ※ ゲーム内ヒント・UI では使わない開発者メモ。
web_033,33,easy / normal,一人だけが触っているのに二人をしばるのは何?,ウグイス,結婚指輪,バター,スカイ,目やに,ワサビ,B,結婚指輪,字面 どおり じゃ ない 読み方 がある よ,出典: nazonazo.nihonsimondai.com 第33問。 / 正答: 「結婚指輪」。 / パターン: 問いの字面どおりではなく、連想・音・意味のずれから正答にたどり着く。 / 意図: 「一人だけが触っているのに二人をしばるのは何？」→「結婚指輪」になるよう読み替える。 / ※ ゲーム内ヒント・UI では使わない開発者メモ。
web_034,34,easy / normal,ものは同じなのに見る人によって違うものが見えるものは何?,鏡,コトリ,床屋,えんどう豆,ナメコ,恋愛,A,鏡,食べ物・動物・道具 の どれ でも ない 答え かも,出典: nazonazo.nihonsimondai.com 第34問。 / 正答: 「鏡」。 / パターン: 答えが短い語（1〜2文字）。抽象名詞・自然現象系。 / 意図: 「ものは同じなのに見る人によって違うものが見えるものは何？」→「鏡」になるよう読み替える。 / ※ ゲーム内ヒント・UI では使わない開発者メモ。
web_035,35,easy / normal,毎日見ているのに絶対さわれないものは何?,えり足,手紙,マジック,空,晴天,占いの本,D,空,声 に 出して 読む と ヒント に なる こと も,出典: nazonazo.nihonsimondai.com 第35問。 / 正答: 「空」。 / パターン: 答えが短い語（1〜2文字）。抽象名詞・自然現象系。 / 意図: 「毎日見ているのに絶対さわれないものは何？」→「空」になるよう読み替える。 / ※ ゲーム内ヒント・UI では使わない開発者メモ。
web_036,36,easy / normal,入り口はひとつ、部屋が五つあるものは何?,扇風機,トランク,ジャマイカ,手袋,こま,マッチ,D,手袋,身の 回り と 言葉 の ダジャレ を 考えてみて,出典: nazonazo.nihonsimondai.com 第36問。 / 正答: 「手袋」。 / パターン: 口・舌・耳の有無と、電話・こだま・言葉など「伝える」仕組みのひっかけ。 / 意図: 「入り口はひとつ、部屋が五つあるものは何？」→「手袋」になるよう読み替える。 / ※ ゲーム内ヒント・UI では使わない開発者メモ。
web_037,37,easy / normal,毎日握手するものは何?,マイカー,ドアノブ,シラカバ,ニジマス,エビ,ススキ,B,ドアノブ,声 に 出して 読む と ヒント に なる こと も,出典: nazonazo.nihonsimondai.com 第37問。 / 正答: 「ドアノブ」。 / パターン: 問いの字面どおりではなく、連想・音・意味のずれから正答にたどり着く。 / 意図: 「毎日握手するものは何？」→「ドアノブ」になるよう読み替える。 / ※ ゲーム内ヒント・UI では使わない開発者メモ。
web_038,38,easy / normal,上は大水、下は大火事なものは何?,お風呂,サイダー,自分の影,トンビ,大関,コトリ,A,お風呂,同じ 言葉 でも 意味 が 2通り ある かも,出典: nazonazo.nihonsimondai.com 第38問。 / 正答: 「お風呂」。 / パターン: 問いの字面どおりではなく、連想・音・意味のずれから正答にたどり着く。 / 意図: 「上は大水、下は大火事なものは何？」→「お風呂」になるよう読み替える。 / ※ ゲーム内ヒント・UI では使わない開発者メモ。
web_039,39,easy / normal,顔が六個、目が二十一個のものは何?,サイコロ,キツネ,自分自身,鯉,包丁,ぷんぷん,A,サイコロ,声 に 出して 読む と ヒント に なる こと も,出典: nazonazo.nihonsimondai.com 第39問。 / 正答: 「サイコロ」。 / パターン: 問いの字面どおりではなく、連想・音・意味のずれから正答にたどり着く。 / 意図: 「顔が六個、目が二十一個のものは何？」→「サイコロ」になるよう読み替える。 / ※ ゲーム内ヒント・UI では使わない開発者メモ。
web_040,40,easy / hard,白い歯と黒い歯で音を奏でるものは何?,鯉,ツクシ,ピアノ,五本,晴天,スリッパ,C,ピアノ,身の 回り と 言葉 の ダジャレ を 考えてみて,出典: nazonazo.nihonsimondai.com 第40問。 / 正答: 「ピアノ」。 / パターン: 問いの字面どおりではなく、連想・音・意味のずれから正答にたどり着く。 / 意図: 「白い歯と黒い歯で音を奏でるものは何？」→「ピアノ」になるよう読み替える。 / ※ ゲーム内ヒント・UI では使わない開発者メモ。
web_041,41,easy / normal,窓から顔を出すのが仕事なのは何?,ホッチキス,土管,こま,ボタン,流れ星「名がレ」,鬼退治,D,ボタン,字面 どおり じゃ ない 読み方 がある よ,出典: nazonazo.nihonsimondai.com 第41問。 / 正答: 「ボタン」。 / パターン: 問いの字面どおりではなく、連想・音・意味のずれから正答にたどり着く。 / 意図: 「窓から顔を出すのが仕事なのは何？」→「ボタン」になるよう読み替える。 / ※ ゲーム内ヒント・UI では使わない開発者メモ。
web_042,42,easy / normal,おとうさんが嫌いなものは何?,ぞうきん,トラクター,沈黙,めんたいこ,空腹,パパイヤ,F,パパイヤ,字面 どおり じゃ ない 読み方 がある よ,出典: nazonazo.nihonsimondai.com 第42問。 / 正答: 「パパイヤ」。 / パターン: 問いの字面どおりではなく、連想・音・意味のずれから正答にたどり着く。 / 意図: 「おとうさんが嫌いなものは何？」→「パパイヤ」になるよう読み替える。 / ※ ゲーム内ヒント・UI では使わない開発者メモ。
web_043,43,easy / normal,みんなくしゃみするショウは何?,コンブ,こしょう,ゴーカート,食事,たまごのカラ,コトリ,B,こしょう,同じ 言葉 でも 意味 が 2通り ある かも,出典: nazonazo.nihonsimondai.com 第43問。 / 正答: 「こしょう」。 / パターン: 問いの字面どおりではなく、連想・音・意味のずれから正答にたどり着く。 / 意図: 「みんなくしゃみするショウは何？」→「こしょう」になるよう読み替える。 / ※ ゲーム内ヒント・UI では使わない開発者メモ。
web_044,44,easy / normal,はじめは4本、次は2本、終わりは3本のは何?,人間,天の川,パパイヤ,キャンドル,ナメコ,ススキ,A,人間,身の 回り と 言葉 の ダジャレ を 考えてみて,出典: nazonazo.nihonsimondai.com 第44問。 / 正答: 「人間」。 / パターン: 答えが短い語（1〜2文字）。抽象名詞・自然現象系。 / 意図: 「はじめは4本、次は2本、終わりは3本のは何？」→「人間」になるよう読み替える。 / ※ ゲーム内ヒント・UI では使わない開発者メモ。
web_045,45,easy / normal,急いでる数字は何?,シャーベット,マジック,9(急),豆腐,手袋,ドアノブ,C,9(急),同じ 言葉 でも 意味 が 2通り ある かも,出典: nazonazo.nihonsimondai.com 第45問。 / 正答: 「9(急)」。 / パターン: 問いの字面どおりではなく、連想・音・意味のずれから正答にたどり着く。 / 意図: 「急いでる数字は何？」→「9(急)」になるよう読み替える。 / ※ ゲーム内ヒント・UI では使わない開発者メモ。
web_046,46,easy / normal,キツネがお金を使って変身したものは何?,ゴミ箱,花火,えり足,コンドル,話,ワサビ,D,コンドル,字面 どおり じゃ ない 読み方 がある よ,出典: nazonazo.nihonsimondai.com 第46問。 / 正答: 「コンドル」。 / パターン: 問いの字面どおりではなく、連想・音・意味のずれから正答にたどり着く。 / 意図: 「キツネがお金を使って変身したものは何？」→「コンドル」になるよう読み替える。 / ※ ゲーム内ヒント・UI では使わない開発者メモ。
web_047,47,easy / normal,歌がうまくても音痴な人は何で音痴?,リス,方向音痴,カイロ,大関,花火,ストライク,B,方向音痴,字面 どおり じゃ ない 読み方 がある よ,出典: nazonazo.nihonsimondai.com 第47問。 / 正答: 「方向音痴」。 / パターン: 問いの字面どおりではなく、連想・音・意味のずれから正答にたどり着く。 / 意図: 「歌がうまくても音痴な人は何で音痴？」→「方向音痴」になるよう読み替える。 / ※ ゲーム内ヒント・UI では使わない開発者メモ。
web_048,48,easy / normal,髪の毛がない鳥は何?,ハガキ,医者,お風呂,蚊,優勝,ハゲタカ,F,ハゲタカ,食べ物・動物・道具 の どれ でも ない 答え かも,出典: nazonazo.nihonsimondai.com 第48問。 / 正答: 「ハゲタカ」。 / パターン: 問いの字面どおりではなく、連想・音・意味のずれから正答にたどり着く。 / 意図: 「髪の毛がない鳥は何？」→「ハゲタカ」になるよう読み替える。 / ※ ゲーム内ヒント・UI では使わない開発者メモ。
web_049,49,easy / normal,食べると倒れてしまう食べ物は何?,ゴーカート,カーペット,チャーハン,バター,鏡,空腹,D,バター,食べ物・動物・道具 の どれ でも ない 答え かも,出典: nazonazo.nihonsimondai.com 第49問。 / 正答: 「バター」。 / パターン: 空腹・満腹や有無で性質が変わるもの（風船・文房具など）。 / 意図: 「食べると倒れてしまう食べ物は何？」→「バター」になるよう読み替える。 / ※ ゲーム内ヒント・UI では使わない開発者メモ。
web_050,50,easy / normal,イカをどけてほしいと思ってる国は何?,雪だるま,スリッパ,ジャマイカ,弱虫,物干し竿,ライス,C,ジャマイカ,同じ 言葉 でも 意味 が 2通り ある かも,出典: nazonazo.nihonsimondai.com 第50問。 / 正答: 「ジャマイカ」。 / パターン: 問いの字面どおりではなく、連想・音・意味のずれから正答にたどり着く。 / 意図: 「イカをどけてほしいと思ってる国は何？」→「ジャマイカ」になるよう読み替える。 / ※ ゲーム内ヒント・UI では使わない開発者メモ。
web_051,51,easy / normal,ポットに毛がはえると何?,コンドル,コンブ,晴天,ポケット,鯉,年齢,D,ポケット,字面 どおり じゃ ない 読み方 がある よ,出典: nazonazo.nihonsimondai.com 第51問。 / 正答: 「ポケット」。 / パターン: 問いの字面どおりではなく、連想・音・意味のずれから正答にたどり着く。 / 意図: 「ポットに毛がはえると何？」→「ポケット」になるよう読み替える。 / ※ ゲーム内ヒント・UI では使わない開発者メモ。
web_052,52,easy / normal / hard,暑くなると涼しいところに移動してしまう職業は何?,秘書（避暑）,カタール,うちわ,カイロ,やっきょく,ブラックバス,A,秘書（避暑）,字面 どおり じゃ ない 読み方 がある よ,出典: nazonazo.nihonsimondai.com 第52問。 / 正答: 「秘書（避暑）」。 / パターン: 問いの字面どおりではなく、連想・音・意味のずれから正答にたどり着く。 / 意図: 「暑くなると涼しいところに移動してしまう職業は何？」→「秘書（避暑）」になるよう読み替える。 / ※ ゲーム内ヒント・UI では使わない開発者メモ。
web_053,53,easy / normal,かりにいってかられてしまうのは何処?,床屋,方向音痴,耕運機,食事,あくび,木の葉,A,床屋,同じ 言葉 でも 意味 が 2通り ある かも,出典: nazonazo.nihonsimondai.com 第53問。 / 正答: 「床屋」。 / パターン: 答えが短い語（1〜2文字）。抽象名詞・自然現象系。 / 意図: 「かりにいってかられてしまうのは何処？」→「床屋」になるよう読み替える。 / ※ ゲーム内ヒント・UI では使わない開発者メモ。
web_054,54,easy / normal / hard,警察にいる大きい人は何?,野球,おかず,刑事（でか）,時計の針,ランドセル,耕運機,C,刑事（でか）,声 に 出して 読む と ヒント に なる こと も,出典: nazonazo.nihonsimondai.com 第54問。 / 正答: 「刑事（でか）」。 / パターン: 問いの字面どおりではなく、連想・音・意味のずれから正答にたどり着く。 / 意図: 「警察にいる大きい人は何？」→「刑事（でか）」になるよう読み替える。 / ※ ゲーム内ヒント・UI では使わない開発者メモ。
web_055,55,easy / normal,毎日たたいているものは何?,まばたき,えんどう豆,晴天,逮捕,ろうそく,きも,A,まばたき,字面 どおり じゃ ない 読み方 がある よ,出典: nazonazo.nihonsimondai.com 第55問。 / 正答: 「まばたき」。 / パターン: 問いの字面どおりではなく、連想・音・意味のずれから正答にたどり着く。 / 意図: 「毎日たたいているものは何？」→「まばたき」になるよう読み替える。 / ※ ゲーム内ヒント・UI では使わない開発者メモ。
web_056,56,easy / hard,「15」あつまっている生物は何?,カメレオン,サンゴ（3×5）,尻餅,恥,地平線,こま,B,サンゴ（3×5）,字面 どおり じゃ ない 読み方 がある よ,出典: nazonazo.nihonsimondai.com 第56問。 / 正答: 「サンゴ（3×5）」。 / パターン: 問いの字面どおりではなく、連想・音・意味のずれから正答にたどり着く。 / 意図: 「「15」あつまっている生物は何？」→「サンゴ（3×5）」になるよう読み替える。 / ※ ゲーム内ヒント・UI では使わない開発者メモ。
web_057,57,easy / hard,飲み物で中のものがなくなると「1」になるのは何?,トンビ,地平線,マカオ,ワイン（中の「イ」がないとワン）,リス,チャーハン,D,ワイン（中の「イ」がないとワン）,声 に 出して 読む と ヒント に なる こと も,出典: nazonazo.nihonsimondai.com 第57問。 / 正答: 「ワイン（中の「イ」がないとワン）」。 / パターン: 問いの字面どおりではなく、連想・音・意味のずれから正答にたどり着く。 / 意図: 「飲み物で中のものがなくなると「1」になるのは何？」→「ワイン（中の「イ」がないとワン）」になるよう読み替える。 / ※ ゲーム内ヒント・UI では使わない開発者メモ。
web_058,58,easy / normal / hard,荷物を運んでくれる船は何?,タマゴ,土手,ボタン,箱舟（はこぶね）,影,こしょう,D,箱舟（はこぶね）,字面 どおり じゃ ない 読み方 がある よ,出典: nazonazo.nihonsimondai.com 第58問。 / 正答: 「箱舟（はこぶね）」。 / パターン: 問いの字面どおりではなく、連想・音・意味のずれから正答にたどり着く。 / 意図: 「荷物を運んでくれる船は何？」→「箱舟（はこぶね）」になるよう読み替える。 / ※ ゲーム内ヒント・UI では使わない開発者メモ。
web_059,59,easy / normal,クモが逆立ちするのは何曜日?,こま,ドアノブ,キツネ,木曜日,手袋,ハガキ,D,木曜日,同じ 言葉 でも 意味 が 2通り ある かも,出典: nazonazo.nihonsimondai.com 第59問。 / 正答: 「木曜日」。 / パターン: 問いの字面どおりではなく、連想・音・意味のずれから正答にたどり着く。 / 意図: 「クモが逆立ちするのは何曜日？」→「木曜日」になるよう読み替える。 / ※ ゲーム内ヒント・UI では使わない開発者メモ。
web_060,60,easy / normal / hard,ねずみの体の下にある料理は何?,目薬,ガン,押し出し,胃炎,中華料理（チュウ下）,ことば,E,中華料理（チュウ下）,身の 回り と 言葉 の ダジャレ を 考えてみて,出典: nazonazo.nihonsimondai.com 第60問。 / 正答: 「中華料理（チュウ下）」。 / パターン: 問いの字面どおりではなく、連想・音・意味のずれから正答にたどり着く。 / 意図: 「ねずみの体の下にある料理は何？」→「中華料理（チュウ下）」になるよう読み替える。 / ※ ゲーム内ヒント・UI では使わない開発者メモ。
web_061,61,easy / normal / hard,出来たばかりなのに腐ってるパンは何?,道路,サイン,時計の針,フランスパン（腐乱すパン）,おまけ,スカイ,D,フランスパン（腐乱すパン）,字面 どおり じゃ ない 読み方 がある よ,出典: nazonazo.nihonsimondai.com 第61問。 / 正答: 「フランスパン（腐乱すパン）」。 / パターン: 問いの字面どおりではなく、連想・音・意味のずれから正答にたどり着く。 / 意図: 「出来たばかりなのに腐ってるパンは何？」→「フランスパン（腐乱すパン）」になるよう読み替える。 / ※ ゲーム内ヒント・UI では使わない開発者メモ。
web_062,62,easy / normal,お腹から食べて背中から吐き出すのは何?,物干し竿,カンナ,自分自身,蚊,たまごのカラ,昼食や夕食,B,カンナ,字面 どおり じゃ ない 読み方 がある よ,出典: nazonazo.nihonsimondai.com 第62問。 / 正答: 「カンナ」。 / パターン: 空腹・満腹や有無で性質が変わるもの（風船・文房具など）。 / 意図: 「お腹から食べて背中から吐き出すのは何？」→「カンナ」になるよう読み替える。 / ※ ゲーム内ヒント・UI では使わない開発者メモ。
web_063,63,easy / normal,お菓子で出来た浮き輪は何?,ドーナツ,クレーン,通帳,コーラス,雪だるま,図書館,A,ドーナツ,字面 どおり じゃ ない 読み方 がある よ,出典: nazonazo.nihonsimondai.com 第63問。 / 正答: 「ドーナツ」。 / パターン: 問いの字面どおりではなく、連想・音・意味のずれから正答にたどり着く。 / 意図: 「お菓子で出来た浮き輪は何？」→「ドーナツ」になるよう読み替える。 / ※ ゲーム内ヒント・UI では使わない開発者メモ。
web_064,64,easy / normal,邪魔なのに動いてくれないものは何?,消しゴムのカス,コショウ,時計の針,土管,話,大晦日,D,土管,身の 回り と 言葉 の ダジャレ を 考えてみて,出典: nazonazo.nihonsimondai.com 第64問。 / 正答: 「土管」。 / パターン: 答えが短い語（1〜2文字）。抽象名詞・自然現象系。 / 意図: 「邪魔なのに動いてくれないものは何？」→「土管」になるよう読み替える。 / ※ ゲーム内ヒント・UI では使わない開発者メモ。
web_065,65,easy / normal / hard,トイレの神様は何歳?,ドアノブ,しりとり,物干し竿,9歳（くさい）,スパイク,恥,D,9歳（くさい）,身の 回り と 言葉 の ダジャレ を 考えてみて,出典: nazonazo.nihonsimondai.com 第65問。 / 正答: 「9歳（くさい）」。 / パターン: 問いの字面どおりではなく、連想・音・意味のずれから正答にたどり着く。 / 意図: 「トイレの神様は何歳？」→「9歳（くさい）」になるよう読み替える。 / ※ ゲーム内ヒント・UI では使わない開発者メモ。
web_066,66,easy / hard,「1010」という看板がかかっているお店は何のお店?,銭湯「千（せん）十（とお）」,豆腐,目薬,なめくじ,トランク,鬼退治,A,銭湯「千（せん）十（とお）」,同じ 言葉 でも 意味 が 2通り ある かも,出典: nazonazo.nihonsimondai.com 第66問。 / 正答: 「銭湯「千（せん）十（とお）」」。 / パターン: 問いの字面どおりではなく、連想・音・意味のずれから正答にたどり着く。 / 意図: 「「1010」という看板がかかっているお店は何のお店？」→「銭湯「千（せん）十（とお）」」になるよう読み替える。 / ※ ゲーム内ヒント・UI では使わない開発者メモ。
web_067,67,easy / normal,手品がうまい文房具は何?,かつおぶし,マカオ,マジック,星,ウグイス,はし,C,マジック,食べ物・動物・道具 の どれ でも ない 答え かも,出典: nazonazo.nihonsimondai.com 第67問。 / 正答: 「マジック」。 / パターン: 問いの字面どおりではなく、連想・音・意味のずれから正答にたどり着く。 / 意図: 「手品がうまい文房具は何？」→「マジック」になるよう読み替える。 / ※ ゲーム内ヒント・UI では使わない開発者メモ。
web_068,68,easy / normal,いつも燃えている花は何?,信号機,ハガキ,こっくり,沈黙,恋愛,花火,F,花火,声 に 出して 読む と ヒント に なる こと も,出典: nazonazo.nihonsimondai.com 第68問。 / 正答: 「花火」。 / パターン: 答えが短い語（1〜2文字）。抽象名詞・自然現象系。 / 意図: 「いつも燃えている花は何？」→「花火」になるよう読み替える。 / ※ ゲーム内ヒント・UI では使わない開発者メモ。
web_069,69,easy / normal,いつもものを欲しがっている文房具は何?,目やに,キツネ,方向音痴,ヒヨコ,クレヨン,ホッチキス,E,クレヨン,字面 どおり じゃ ない 読み方 がある よ,出典: nazonazo.nihonsimondai.com 第69問。 / 正答: 「クレヨン」。 / パターン: 問いの字面どおりではなく、連想・音・意味のずれから正答にたどり着く。 / 意図: 「いつもものを欲しがっている文房具は何？」→「クレヨン」になるよう読み替える。 / ※ ゲーム内ヒント・UI では使わない開発者メモ。
web_070,70,easy / normal / hard,こねこを逆さにするとこねこ、子犬を逆さにすると何?,コマ,バラ,植木,子犬（逆さにしても子犬は子犬）,耕運機,バター,D,子犬（逆さにしても子犬は子犬）,身の 回り と 言葉 の ダジャレ を 考えてみて,出典: nazonazo.nihonsimondai.com 第70問。 / 正答: 「子犬（逆さにしても子犬は子犬）」。 / パターン: 問いの字面どおりではなく、連想・音・意味のずれから正答にたどり着く。 / 意図: 「こねこを逆さにするとこねこ、子犬を逆さにすると何？」→「子犬（逆さにしても子犬は子犬）」になるよう読み替える。 / ※ ゲーム内ヒント・UI では使わない開発者メモ。
web_071,71,easy / normal,目の前に置いてあるのに置いていないというものは何?,マカオ,時計の針,つっぱり,トンビ,おかず,スズキ,E,おかず,字面 どおり じゃ ない 読み方 がある よ,出典: nazonazo.nihonsimondai.com 第71問。 / 正答: 「おかず」。 / パターン: 問いの字面どおりではなく、連想・音・意味のずれから正答にたどり着く。 / 意図: 「目の前に置いてあるのに置いていないというものは何？」→「おかず」になるよう読み替える。 / ※ ゲーム内ヒント・UI では使わない開発者メモ。
web_072,72,easy / normal,金髪の人でも茶髪の人でも黒い毛なのは何?,コンブ,赤ん坊,影,奈良時代,けむり,スリッパ,C,影,越えれば 越える ほど 後ろ に 残る,出典: nazonazo.nihonsimondai.com 第72問。 / 正答: 「影」。 / パターン: 答えが短い語（1〜2文字）。抽象名詞・自然現象系。 / 意図: 「金髪の人でも茶髪の人でも黒い毛なのは何？」→「影」になるよう読み替える。 / ※ ゲーム内ヒント・UI では使わない開発者メモ。
web_073,73,easy / normal,家の入り口にあるカンは何?,玄関,つめ,クレヨン,昼食や夕食,ゴーカート,スリッパ,A,玄関,声 に 出して 読む と ヒント に なる こと も,出典: nazonazo.nihonsimondai.com 第73問。 / 正答: 「玄関」。 / パターン: 家・室内と屋外、または身体・持ち物など「いつもそこにある／いない」対比の比喩。 / 意図: 「家の入り口にあるカンは何？」→「玄関」になるよう読み替える。 / ※ ゲーム内ヒント・UI では使わない開発者メモ。
web_074,74,easy / normal,話をするのが好きな国は何?,晴天,スパイク,パン,こま,カタール,トランク,E,カタール,身の 回り と 言葉 の ダジャレ を 考えてみて,出典: nazonazo.nihonsimondai.com 第74問。 / 正答: 「カタール」。 / パターン: 口・舌・耳の有無と、電話・こだま・言葉など「伝える」仕組みのひっかけ。 / 意図: 「話をするのが好きな国は何？」→「カタール」になるよう読み替える。 / ※ ゲーム内ヒント・UI では使わない開発者メモ。
web_075,75,easy / normal / hard,大きく勝った時代は何時代?,あり,つなひき,野球,押し出し,ぞうきん,大正時代（大勝）,F,大正時代（大勝）,身の 回り と 言葉 の ダジャレ を 考えてみて,出典: nazonazo.nihonsimondai.com 第75問。 / 正答: 「大正時代（大勝）」。 / パターン: 問いの字面どおりではなく、連想・音・意味のずれから正答にたどり着く。 / 意図: 「大きく勝った時代は何時代？」→「大正時代（大勝）」になるよう読み替える。 / ※ ゲーム内ヒント・UI では使わない開発者メモ。
web_076,76,easy / normal,秘密にされる病気は何?,奈良時代,かたつむり,おしろい,胃炎,自分の影,昼食や夕食,D,胃炎,身の 回り と 言葉 の ダジャレ を 考えてみて,出典: nazonazo.nihonsimondai.com 第76問。 / 正答: 「胃炎」。 / パターン: 答えが短い語（1〜2文字）。抽象名詞・自然現象系。 / 意図: 「秘密にされる病気は何？」→「胃炎」になるよう読み替える。 / ※ ゲーム内ヒント・UI では使わない開発者メモ。
web_077,77,easy / normal / hard,黒くないのに黒いバスは何?,話,ヒヨコ,野球,スパイク,地平線,ブラックバス,F,ブラックバス,食べ物・動物・道具 の どれ でも ない 答え かも,出典: nazonazo.nihonsimondai.com 第77問。 / 正答: 「ブラックバス」。 / パターン: 問いの字面どおりではなく、連想・音・意味のずれから正答にたどり着く。 / 意図: 「黒くないのに黒いバスは何？」→「ブラックバス」になるよう読み替える。 / ※ ゲーム内ヒント・UI では使わない開発者メモ。
web_078,78,easy / normal,丁寧になると臭くなる時代は?,奈良時代,タマゴ,土管,クレーン,空腹,きも,A,奈良時代,字面 どおり じゃ ない 読み方 がある よ,出典: nazonazo.nihonsimondai.com 第78問。 / 正答: 「奈良時代」。 / パターン: 問いの字面どおりではなく、連想・音・意味のずれから正答にたどり着く。 / 意図: 「丁寧になると臭くなる時代は？」→「奈良時代」になるよう読み替える。 / ※ ゲーム内ヒント・UI では使わない開発者メモ。
web_079,79,easy / normal / hard,ありがとうと何回も言いました。さて何回言った?,カーペット,優勝,カイロ,27回（サンキュー 3×9）,ステッキ,洗濯バサミ,D,27回（サンキュー 3×9）,同じ 言葉 でも 意味 が 2通り ある かも,出典: nazonazo.nihonsimondai.com 第79問。 / 正答: 「27回（サンキュー 3×9）」。 / パターン: 問いの字面どおりではなく、連想・音・意味のずれから正答にたどり着く。 / 意図: 「ありがとうと何回も言いました。さて何回言った？」→「27回（サンキュー 3×9）」になるよう読み替える。 / ※ ゲーム内ヒント・UI では使わない開発者メモ。
web_080,80,easy / normal / hard,ブラジャーは誰あての届けもの?,エビ,ツクシ,父（ちちあて）,三輪車,扇風機,大関,C,父（ちちあて）,身の 回り と 言葉 の ダジャレ を 考えてみて,出典: nazonazo.nihonsimondai.com 第80問。 / 正答: 「父（ちちあて）」。 / パターン: 問いの字面どおりではなく、連想・音・意味のずれから正答にたどり着く。 / 意図: 「ブラジャーは誰あての届けもの？」→「父（ちちあて）」になるよう読み替える。 / ※ ゲーム内ヒント・UI では使わない開発者メモ。
web_081,81,easy / normal,夜にだけ使われる道具は何?,五本,アイス,火,けむり,ヤカン（夜間）,医者,E,ヤカン（夜間）,食べ物・動物・道具 の どれ でも ない 答え かも,出典: nazonazo.nihonsimondai.com 第81問。 / 正答: 「ヤカン（夜間）」。 / パターン: 問いの字面どおりではなく、連想・音・意味のずれから正答にたどり着く。 / 意図: 「夜にだけ使われる道具は何？」→「ヤカン（夜間）」になるよう読み替える。 / ※ ゲーム内ヒント・UI では使わない開発者メモ。
web_082,82,easy / normal,クマの中で一番悪いというクマといえば何?,土管,うちわ,悪魔,カステラ,影,トンビ,C,悪魔,身の 回り と 言葉 の ダジャレ を 考えてみて,出典: nazonazo.nihonsimondai.com 第82問。 / 正答: 「悪魔」。 / パターン: 答えが短い語（1〜2文字）。抽象名詞・自然現象系。 / 意図: 「クマの中で一番悪いというクマといえば何？」→「悪魔」になるよう読み替える。 / ※ ゲーム内ヒント・UI では使わない開発者メモ。
web_083,83,easy / normal / hard,落語を聴きながら食べるなべといえば何?,寄せ鍋（寄席でたべる鍋）,ハンドル,ライス,つめ,土管,ハゲタカ,A,寄せ鍋（寄席でたべる鍋）,同じ 言葉 でも 意味 が 2通り ある かも,出典: nazonazo.nihonsimondai.com 第83問。 / 正答: 「寄せ鍋（寄席でたべる鍋）」。 / パターン: 問いの字面どおりではなく、連想・音・意味のずれから正答にたどり着く。 / 意図: 「落語を聴きながら食べるなべといえば何？」→「寄せ鍋（寄席でたべる鍋）」になるよう読み替える。 / ※ ゲーム内ヒント・UI では使わない開発者メモ。
web_084,84,easy / normal,運が良くなる乗り物といえば何?,ナス,耕運機,キツネ,ニジマス,マジック,メドレー,B,耕運機,声 に 出して 読む と ヒント に なる こと も,出典: nazonazo.nihonsimondai.com 第84問。 / 正答: 「耕運機」。 / パターン: 問いの字面どおりではなく、連想・音・意味のずれから正答にたどり着く。 / 意図: 「運が良くなる乗り物といえば何？」→「耕運機」になるよう読み替える。 / ※ ゲーム内ヒント・UI では使わない開発者メモ。
web_085,85,easy / normal,トラを疲れさせる乗り物といえば何?,トラクター,晴天,ブラックバス,ぷんぷん,コーラス,発見,A,トラクター,食べ物・動物・道具 の どれ でも ない 答え かも,出典: nazonazo.nihonsimondai.com 第85問。 / 正答: 「トラクター」。 / パターン: 問いの字面どおりではなく、連想・音・意味のずれから正答にたどり着く。 / 意図: 「トラを疲れさせる乗り物といえば何？」→「トラクター」になるよう読み替える。 / ※ ゲーム内ヒント・UI では使わない開発者メモ。
web_086,86,easy / normal / hard,床屋さんに鉄砲が打ち込まれました。何発打ち込まれた?,ことば,カンナ,赤ん坊,3発（散発）,逮捕,マスカット,D,3発（散発）,食べ物・動物・道具 の どれ でも ない 答え かも,出典: nazonazo.nihonsimondai.com 第86問。 / 正答: 「3発（散発）」。 / パターン: 問いの字面どおりではなく、連想・音・意味のずれから正答にたどり着く。 / 意図: 「床屋さんに鉄砲が打ち込まれました。何発打ち込まれた？」→「3発（散発）」になるよう読み替える。 / ※ ゲーム内ヒント・UI では使わない開発者メモ。
web_087,87,easy / normal / hard,64個あるものといえば何?,ピアノ,天気,耕運機,葉っぱ（はっぱ64）,リス,晴天,D,葉っぱ（はっぱ64）,字面 どおり じゃ ない 読み方 がある よ,出典: nazonazo.nihonsimondai.com 第87問。 / 正答: 「葉っぱ（はっぱ64）」。 / パターン: 問いの字面どおりではなく、連想・音・意味のずれから正答にたどり着く。 / 意図: 「64個あるものといえば何？」→「葉っぱ（はっぱ64）」になるよう読み替える。 / ※ ゲーム内ヒント・UI では使わない開発者メモ。
web_088,88,easy / normal,味噌汁の中にいるカメといえば何?,肩車,占いの本,わかめ,まばたき,すな,大晦日,C,わかめ,字面 どおり じゃ ない 読み方 がある よ,出典: nazonazo.nihonsimondai.com 第88問。 / 正答: 「わかめ」。 / パターン: 問いの字面どおりではなく、連想・音・意味のずれから正答にたどり着く。 / 意図: 「味噌汁の中にいるカメといえば何？」→「わかめ」になるよう読み替える。 / ※ ゲーム内ヒント・UI では使わない開発者メモ。
web_089,89,easy / normal,逆立ちすると泥棒になる動物といえば何?,つっぱり,リス,ダンボール,鏡,左手,押し出し,B,リス,声 に 出して 読む と ヒント に なる こと も,出典: nazonazo.nihonsimondai.com 第89問。 / 正答: 「リス」。 / パターン: 答えが短い語（1〜2文字）。抽象名詞・自然現象系。 / 意図: 「逆立ちすると泥棒になる動物といえば何？」→「リス」になるよう読み替える。 / ※ ゲーム内ヒント・UI では使わない開発者メモ。
web_090,90,easy / normal / hard,「3」と「10」が好きな人は何?,父さん（とおさん）,かたつむり,食事,ストライク,かつおぶし,おかず,A,父さん（とおさん）,同じ 言葉 でも 意味 が 2通り ある かも,出典: nazonazo.nihonsimondai.com 第90問。 / 正答: 「父さん（とおさん）」。 / パターン: 問いの字面どおりではなく、連想・音・意味のずれから正答にたどり着く。 / 意図: 「「3」と「10」が好きな人は何？」→「父さん（とおさん）」になるよう読み替える。 / ※ ゲーム内ヒント・UI では使わない開発者メモ。
web_091,91,easy / normal,川の近くにある転んでしまう場所は?,こしょう,左手,ぷんぷん,恥,逮捕,土手,F,土手,食べ物・動物・道具 の どれ でも ない 答え かも,出典: nazonazo.nihonsimondai.com 第91問。 / 正答: 「土手」。 / パターン: 答えが短い語（1〜2文字）。抽象名詞・自然現象系。 / 意図: 「川の近くにある転んでしまう場所は？」→「土手」になるよう読み替える。 / ※ ゲーム内ヒント・UI では使わない開発者メモ。
web_092,92,easy / normal,探し物を見つける犬は何けん?,コガネムシ,発見,あまやどり,やまびこ,リス,ランドセル,B,発見,声 に 出して 読む と ヒント に なる こと も,出典: nazonazo.nihonsimondai.com 第92問。 / 正答: 「発見」。 / パターン: 答えが短い語（1〜2文字）。抽象名詞・自然現象系。 / 意図: 「探し物を見つける犬は何けん？」→「発見」になるよう読み替える。 / ※ ゲーム内ヒント・UI では使わない開発者メモ。
web_093,93,easy / normal / hard,ねずみがびっくり食事は何?,カメレオン,手紙,ニセ札,けむり,昼食（ちゅう、しょっく）,パジャマ,E,昼食（ちゅう、しょっく）,身の 回り と 言葉 の ダジャレ を 考えてみて,出典: nazonazo.nihonsimondai.com 第93問。 / 正答: 「昼食（ちゅう、しょっく）」。 / パターン: 問いの字面どおりではなく、連想・音・意味のずれから正答にたどり着く。 / 意図: 「ねずみがびっくり食事は何？」→「昼食（ちゅう、しょっく）」になるよう読み替える。 / ※ ゲーム内ヒント・UI では使わない開発者メモ。
web_094,94,easy / normal / hard,人に話しかけられても相手せずに食べるパンは何?,たまご,お風呂,大晦日,蒸しパン（無視）,ホッチキス,かたつむり,D,蒸しパン（無視）,身の 回り と 言葉 の ダジャレ を 考えてみて,出典: nazonazo.nihonsimondai.com 第94問。 / 正答: 「蒸しパン（無視）」。 / パターン: 口・舌・耳の有無と、電話・こだま・言葉など「伝える」仕組みのひっかけ。 / 意図: 「人に話しかけられても相手せずに食べるパンは何？」→「蒸しパン（無視）」になるよう読み替える。 / ※ ゲーム内ヒント・UI では使わない開発者メモ。
web_095,95,easy / normal,子供をなめるキノコは何?,ろうそく,左手,晴天,ナメコ,結婚指輪,トキ,D,ナメコ,食べ物・動物・道具 の どれ でも ない 答え かも,出典: nazonazo.nihonsimondai.com 第95問。 / 正答: 「ナメコ」。 / パターン: 問いの字面どおりではなく、連想・音・意味のずれから正答にたどり着く。 / 意図: 「子供をなめるキノコは何？」→「ナメコ」になるよう読み替える。 / ※ ゲーム内ヒント・UI では使わない開発者メモ。
web_096,96,easy / normal / hard,うえのうえにあるものは何?,ダンボール,あい（あい「うえ」お）,ボタン,ワサビ,こま,フライパン,B,あい（あい「うえ」お）,身の 回り と 言葉 の ダジャレ を 考えてみて,出典: nazonazo.nihonsimondai.com 第96問。 / 正答: 「あい（あい「うえ」お）」。 / パターン: 問いの字面どおりではなく、連想・音・意味のずれから正答にたどり着く。 / 意図: 「うえのうえにあるものは何？」→「あい（あい「うえ」お）」になるよう読み替える。 / ※ ゲーム内ヒント・UI では使わない開発者メモ。
web_097,97,easy / normal,フライを食べずに捕るものは何?,コショウ,ストライク,野球,サイコロ,キジ,水,C,野球,身の 回り と 言葉 の ダジャレ を 考えてみて,出典: nazonazo.nihonsimondai.com 第97問。 / 正答: 「野球」。 / パターン: 答えが短い語（1〜2文字）。抽象名詞・自然現象系。 / 意図: 「フライを食べずに捕るものは何？」→「野球」になるよう読み替える。 / ※ ゲーム内ヒント・UI では使わない開発者メモ。
web_098,98,easy / normal / hard,いろいろ教えてもらえる電話は何?,公衆電話（講習）,綱引き,つっぱり,五本,パン,キジ,A,公衆電話（講習）,身の 回り と 言葉 の ダジャレ を 考えてみて,出典: nazonazo.nihonsimondai.com 第98問。 / 正答: 「公衆電話（講習）」。 / パターン: 口・舌・耳の有無と、電話・こだま・言葉など「伝える」仕組みのひっかけ。 / 意図: 「いろいろ教えてもらえる電話は何？」→「公衆電話（講習）」になるよう読み替える。 / ※ ゲーム内ヒント・UI では使わない開発者メモ。
web_099,99,easy / normal,いつも踏みつけられるペットは何?,わかめ,フクロウ,カーペット,クレーン,ススキ,ボタン,C,カーペット,身の 回り と 言葉 の ダジャレ を 考えてみて,出典: nazonazo.nihonsimondai.com 第99問。 / 正答: 「カーペット」。 / パターン: 問いの字面どおりではなく、連想・音・意味のずれから正答にたどり着く。 / 意図: 「いつも踏みつけられるペットは何？」→「カーペット」になるよう読み替える。 / ※ ゲーム内ヒント・UI では使わない開発者メモ。
web_100,100,easy / normal,一年の一番最後にあらわれる蚊は何?,めんたいこ,ゴーカート,大晦日,通帳,えんどう豆,トキ,C,大晦日,同じ 言葉 でも 意味 が 2通り ある かも,出典: nazonazo.nihonsimondai.com 第100問。 / 正答: 「大晦日」。 / パターン: 問いの字面どおりではなく、連想・音・意味のずれから正答にたどり着く。 / 意図: 「一年の一番最後にあらわれる蚊は何？」→「大晦日」になるよう読み替える。 / ※ ゲーム内ヒント・UI では使わない開発者メモ。
web_101,101,easy / normal / hard,ソファの下にあるのは何?,ミ（ドシラ［ソファ］ミレド）,サイダー,昼食や夕食,肩車,奈良時代,ステッキ,A,ミ（ドシラ［ソファ］ミレド）,食べ物・動物・道具 の どれ でも ない 答え かも,出典: nazonazo.nihonsimondai.com 第101問。 / 正答: 「ミ（ドシラ［ソファ］ミレド）」。 / パターン: 問いの字面どおりではなく、連想・音・意味のずれから正答にたどり着く。 / 意図: 「ソファの下にあるのは何？」→「ミ（ドシラ［ソファ］ミレド）」になるよう読み替える。 / ※ ゲーム内ヒント・UI では使わない開発者メモ。
web_102,102,easy / normal,お腹がすいているときに着る服は何?,空腹,ボタン,豆腐,カンナ,コマ,ピアノ,A,空腹,身の 回り と 言葉 の ダジャレ を 考えてみて,出典: nazonazo.nihonsimondai.com 第102問。 / 正答: 「空腹」。 / パターン: 空腹・満腹や有無で性質が変わるもの（風船・文房具など）。 / 意図: 「お腹がすいているときに着る服は何？」→「空腹」になるよう読み替える。 / ※ ゲーム内ヒント・UI では使わない開発者メモ。
web_103,103,easy / normal / hard,「リンリンリン」と音を鳴らして走るのは何?,三輪車,ろうそく,カイロ,傍聴席,メドレー,ナメコ,A,三輪車,字面 どおり じゃ ない 読み方 がある よ,出典: nazonazo.nihonsimondai.com 第103問。 / 正答: 「三輪車」。 / パターン: 動き・時間の比喩（針・影・地平線など、見えているのに追いつけない／戻るもの）。 / 意図: 「「リンリンリン」と音を鳴らして走るのは何？」→「三輪車」になるよう読み替える。 / ※ ゲーム内ヒント・UI では使わない開発者メモ。
web_104,104,easy / normal,火の横にいつもいるのは何?,クレヨン,ぞうきん,うちわ,ヒヨコ,地平線,包丁,D,ヒヨコ,身の 回り と 言葉 の ダジャレ を 考えてみて,出典: nazonazo.nihonsimondai.com 第104問。 / 正答: 「ヒヨコ」。 / パターン: 問いの字面どおりではなく、連想・音・意味のずれから正答にたどり着く。 / 意図: 「火の横にいつもいるのは何？」→「ヒヨコ」になるよう読み替える。 / ※ ゲーム内ヒント・UI では使わない開発者メモ。
web_105,105,easy / normal,歯が黄なのは何?,ハガキ,木の葉,トラクター,尻餅,サイダー,ダイス,A,ハガキ,同じ 言葉 でも 意味 が 2通り ある かも,出典: nazonazo.nihonsimondai.com 第105問。 / 正答: 「ハガキ」。 / パターン: 問いの字面どおりではなく、連想・音・意味のずれから正答にたどり着く。 / 意図: 「歯が黄なのは何？」→「ハガキ」になるよう読み替える。 / ※ ゲーム内ヒント・UI では使わない開発者メモ。
web_106,106,easy / normal,自分の家でのむジュースといえば何?,雪だるま,道路,オレンジジュース（俺んち）,おかず,バター,優勝,C,オレンジジュース（俺んち）,食べ物・動物・道具 の どれ でも ない 答え かも,出典: nazonazo.nihonsimondai.com 第106問。 / 正答: 「オレンジジュース（俺んち）」。 / パターン: 問いの字面どおりではなく、連想・音・意味のずれから正答にたどり着く。 / 意図: 「自分の家でのむジュースといえば何？」→「オレンジジュース（俺んち）」になるよう読み替える。 / ※ ゲーム内ヒント・UI では使わない開発者メモ。
web_107,107,easy / normal / hard,名前が「レ」の星は何?,流れ星「名がレ」,サイコロ,物干し竿,五本,コンドル,さんぽ,A,流れ星「名がレ」,字面 どおり じゃ ない 読み方 がある よ,出典: nazonazo.nihonsimondai.com 第107問。 / 正答: 「流れ星「名がレ」」。 / パターン: 問いの字面どおりではなく、連想・音・意味のずれから正答にたどり着く。 / 意図: 「名前が「レ」の星は何？」→「流れ星「名がレ」」になるよう読み替える。 / ※ ゲーム内ヒント・UI では使わない開発者メモ。
web_108,108,easy / normal,強いと後ろにさがるのは何?,えんどう豆,綱引き,ワサビ,ゴミ袋,カナダ,カンナ,B,綱引き,食べ物・動物・道具 の どれ でも ない 答え かも,出典: nazonazo.nihonsimondai.com 第108問。 / 正答: 「綱引き」。 / パターン: 問いの字面どおりではなく、連想・音・意味のずれから正答にたどり着く。 / 意図: 「強いと後ろにさがるのは何？」→「綱引き」になるよう読み替える。 / ※ ゲーム内ヒント・UI では使わない開発者メモ。
web_109,109,easy / normal,目が三つで足がひとつのものは何?,白菜,信号機,カナダ,ストライク,赤ん坊,綱引き,B,信号機,同じ 言葉 でも 意味 が 2通り ある かも,出典: nazonazo.nihonsimondai.com 第109問。 / 正答: 「信号機」。 / パターン: 問いの字面どおりではなく、連想・音・意味のずれから正答にたどり着く。 / 意図: 「目が三つで足がひとつのものは何？」→「信号機」になるよう読み替える。 / ※ ゲーム内ヒント・UI では使わない開発者メモ。
web_110,110,easy / normal,ラーメン屋さんにある星座は何?,ホッチキス,餃子,自分自身,天気,ゴーカート,ろうそく,B,餃子,字面 どおり じゃ ない 読み方 がある よ,出典: nazonazo.nihonsimondai.com 第110問。 / 正答: 「餃子」。 / パターン: 答えが短い語（1〜2文字）。抽象名詞・自然現象系。 / 意図: 「ラーメン屋さんにある星座は何？」→「餃子」になるよう読み替える。 / ※ ゲーム内ヒント・UI では使わない開発者メモ。
web_111,111,easy / normal,骨と皮しかなくて暑い時に活躍するものといえば何?,うちわ,ぷんぷん,ダイス,沈黙,こっくり,キツネ,A,うちわ,声 に 出して 読む と ヒント に なる こと も,出典: nazonazo.nihonsimondai.com 第111問。 / 正答: 「うちわ」。 / パターン: 問いの字面どおりではなく、連想・音・意味のずれから正答にたどり着く。 / 意図: 「骨と皮しかなくて暑い時に活躍するものといえば何？」→「うちわ」になるよう読み替える。 / ※ ゲーム内ヒント・UI では使わない開発者メモ。
web_112,112,easy / normal,目を探しながら歌うものは何?,ハゲタカ,ブラックバス,メドレー,こっくり,ダイス,チャーハン,C,メドレー,同じ 言葉 でも 意味 が 2通り ある かも,出典: nazonazo.nihonsimondai.com 第112問。 / 正答: 「メドレー」。 / パターン: 問いの字面どおりではなく、連想・音・意味のずれから正答にたどり着く。 / 意図: 「目を探しながら歌うものは何？」→「メドレー」になるよう読み替える。 / ※ ゲーム内ヒント・UI では使わない開発者メモ。
web_113,113,easy / normal,たばこはある本数以上すうと風邪をひきます。何本から?,たまごのカラ,会社,食事,占いの本,包丁,五本,F,五本,食べ物・動物・道具 の どれ でも ない 答え かも,出典: nazonazo.nihonsimondai.com 第113問。 / 正答: 「五本」。 / パターン: 答えが短い語（1〜2文字）。抽象名詞・自然現象系。 / 意図: 「たばこはある本数以上すうと風邪をひきます。何本から？」→「五本」になるよう読み替える。 / ※ ゲーム内ヒント・UI では使わない開発者メモ。
web_114,114,easy / normal,捨てるものなのに集めておくものは何?,ニセ札,悪魔,ゴミ箱,すな,ススキ,けむり,C,ゴミ箱,字面 どおり じゃ ない 読み方 がある よ,出典: nazonazo.nihonsimondai.com 第114問。 / 正答: 「ゴミ箱」。 / パターン: 問いの字面どおりではなく、連想・音・意味のずれから正答にたどり着く。 / 意図: 「捨てるものなのに集めておくものは何？」→「ゴミ箱」になるよう読み替える。 / ※ ゲーム内ヒント・UI では使わない開発者メモ。
web_115,115,easy / normal,押したりかけたりしてつかうものは何?,ボタン,アイス,飴玉,天の川,病院,空腹,A,ボタン,字面 どおり じゃ ない 読み方 がある よ,出典: nazonazo.nihonsimondai.com 第115問。 / 正答: 「ボタン」。 / パターン: 問いの字面どおりではなく、連想・音・意味のずれから正答にたどり着く。 / 意図: 「押したりかけたりしてつかうものは何？」→「ボタン」になるよう読み替える。 / ※ ゲーム内ヒント・UI では使わない開発者メモ。
web_116,116,easy / normal,必ず帰ってくるたまといえばどんなたま?,こだま,あまやどり,手紙,自分の影,耕運機,クレヨン,A,こだま,名前 呼ぶ と 消えちゃう 山 の 返事,出典: nazonazo.nihonsimondai.com 第116問。 / 正答: 「こだま」。 / パターン: 問いの字面どおりではなく、連想・音・意味のずれから正答にたどり着く。 / 意図: 「必ず帰ってくるたまといえばどんなたま？」→「こだま」になるよう読み替える。 / ※ ゲーム内ヒント・UI では使わない開発者メモ。
web_117,117,easy / normal,逆立ちすると野菜になる海にあるものは何?,すな,ナメコ,雪だるま,トラクター,コガネムシ,扇風機,A,すな,声 に 出して 読む と ヒント に なる こと も,出典: nazonazo.nihonsimondai.com 第117問。 / 正答: 「すな」。 / パターン: 答えが短い語（1〜2文字）。抽象名詞・自然現象系。 / 意図: 「逆立ちすると野菜になる海にあるものは何？」→「すな」になるよう読み替える。 / ※ ゲーム内ヒント・UI では使わない開発者メモ。
web_118,118,easy / normal,あたたかいいろは何いろ?,おかず,クレヨン,げんしじん,けむり,カイロ,鏡,E,カイロ,字面 どおり じゃ ない 読み方 がある よ,出典: nazonazo.nihonsimondai.com 第118問。 / 正答: 「カイロ」。 / パターン: 問いの字面どおりではなく、連想・音・意味のずれから正答にたどり着く。 / 意図: 「あたたかいいろは何いろ？」→「カイロ」になるよう読み替える。 / ※ ゲーム内ヒント・UI では使わない開発者メモ。
web_119,119,easy / normal / hard,木が10本で出来る果物は何?,弱虫,えんどう豆,空,蚊,リンゴ(林が5個),ニジマス,E,リンゴ(林が5個),字面 どおり じゃ ない 読み方 がある よ,出典: nazonazo.nihonsimondai.com 第119問。 / 正答: 「リンゴ(林が5個)」。 / パターン: 問いの字面どおりではなく、連想・音・意味のずれから正答にたどり着く。 / 意図: 「木が10本で出来る果物は何？」→「リンゴ(林が5個)」になるよう読み替える。 / ※ ゲーム内ヒント・UI では使わない開発者メモ。
web_120,120,easy / normal,怖がりな虫はどんな虫?,コンドル,弱虫,星,蚊,あまやどり,フライパン,B,弱虫,同じ 言葉 でも 意味 が 2通り ある かも,出典: nazonazo.nihonsimondai.com 第120問。 / 正答: 「弱虫」。 / パターン: 答えが短い語（1〜2文字）。抽象名詞・自然現象系。 / 意図: 「怖がりな虫はどんな虫？」→「弱虫」になるよう読み替える。 / ※ ゲーム内ヒント・UI では使わない開発者メモ。
web_121,121,easy / normal,よく食べているイスは何?,腹,ライス,あり,蚊,たまごのカラ,道路,B,ライス,食べ物・動物・道具 の どれ でも ない 答え かも,出典: nazonazo.nihonsimondai.com 第121問。 / 正答: 「ライス」。 / パターン: 問いの字面どおりではなく、連想・音・意味のずれから正答にたどり着く。 / 意図: 「よく食べているイスは何？」→「ライス」になるよう読み替える。 / ※ ゲーム内ヒント・UI では使わない開発者メモ。
web_122,122,normal,太鼓をたたきながらめんを食べるものは?,カタール,ニセ札,奈良時代,白菜,めんたいこ,昼食や夕食,E,めんたいこ,声 に 出して 読む と ヒント に なる こと も,出典: nazonazo.nihonsimondai.com 第122問。 / 正答: 「めんたいこ」。 / パターン: 問いの字面どおりではなく、連想・音・意味のずれから正答にたどり着く。 / 意図: 「太鼓をたたきながらめんを食べるものは？」→「めんたいこ」になるよう読み替える。 / ※ ゲーム内ヒント・UI では使わない開発者メモ。
web_123,123,easy / normal,どんなにお願いしてももらえない機械は何?,鯉,手紙,バラ,クレーン,めんたいこ,優勝,D,クレーン,食べ物・動物・道具 の どれ でも ない 答え かも,出典: nazonazo.nihonsimondai.com 第123問。 / 正答: 「クレーン」。 / パターン: 問いの字面どおりではなく、連想・音・意味のずれから正答にたどり着く。 / 意図: 「どんなにお願いしてももらえない機械は何？」→「クレーン」になるよう読み替える。 / ※ ゲーム内ヒント・UI では使わない開発者メモ。
web_124,124,easy / normal,冷たいいすはどんないす?,五本,鯉,アイス,ドアノブ,コマ,給食,C,アイス,食べ物・動物・道具 の どれ でも ない 答え かも,出典: nazonazo.nihonsimondai.com 第124問。 / 正答: 「アイス」。 / パターン: 問いの字面どおりではなく、連想・音・意味のずれから正答にたどり着く。 / 意図: 「冷たいいすはどんないす？」→「アイス」になるよう読み替える。 / ※ ゲーム内ヒント・UI では使わない開発者メモ。
web_125,125,easy / normal,壊れている調味料は何?,すな,沈黙,きも,コショウ,ホッチキス,トラクター,D,コショウ,身の 回り と 言葉 の ダジャレ を 考えてみて,出典: nazonazo.nihonsimondai.com 第125問。 / 正答: 「コショウ」。 / パターン: 問いの字面どおりではなく、連想・音・意味のずれから正答にたどり着く。 / 意図: 「壊れている調味料は何？」→「コショウ」になるよう読み替える。 / ※ ゲーム内ヒント・UI では使わない開発者メモ。
web_126,126,easy / normal,立派な履物といえば何?,目薬,病院,スリッパ,ダイス,人間,土管,C,スリッパ,字面 どおり じゃ ない 読み方 がある よ,出典: nazonazo.nihonsimondai.com 第126問。 / 正答: 「スリッパ」。 / パターン: 問いの字面どおりではなく、連想・音・意味のずれから正答にたどり着く。 / 意図: 「立派な履物といえば何？」→「スリッパ」になるよう読み替える。 / ※ ゲーム内ヒント・UI では使わない開発者メモ。
web_127,127,normal / hard,空にいる虫は何?,病院,ハエ（「空」の漢字の中）,あまやどり,ステッキ,コショウ,ワサビ,B,ハエ（「空」の漢字の中）,身の 回り と 言葉 の ダジャレ を 考えてみて,出典: nazonazo.nihonsimondai.com 第127問。 / 正答: 「ハエ（「空」の漢字の中）」。 / パターン: 問いの字面どおりではなく、連想・音・意味のずれから正答にたどり着く。 / 意図: 「空にいる虫は何？」→「ハエ（「空」の漢字の中）」になるよう読み替える。 / ※ ゲーム内ヒント・UI では使わない開発者メモ。
web_128,128,easy / normal,頭に袋がある鳥は何?,あくび,こっくり,フクロウ,えり足,キジ,目薬,C,フクロウ,声 に 出して 読む と ヒント に なる こと も,出典: nazonazo.nihonsimondai.com 第128問。 / 正答: 「フクロウ」。 / パターン: 問いの字面どおりではなく、連想・音・意味のずれから正答にたどり着く。 / 意図: 「頭に袋がある鳥は何？」→「フクロウ」になるよう読み替える。 / ※ ゲーム内ヒント・UI では使わない開発者メモ。
web_129,129,normal / hard,月の初めにあらわれる動物は何?,物干し竿,時間,ハガキ,いたち（ついたち）,チャーハン,火,D,いたち（ついたち）,字面 どおり じゃ ない 読み方 がある よ,出典: nazonazo.nihonsimondai.com 第129問。 / 正答: 「いたち（ついたち）」。 / パターン: 問いの字面どおりではなく、連想・音・意味のずれから正答にたどり着く。 / 意図: 「月の初めにあらわれる動物は何？」→「いたち（ついたち）」になるよう読み替える。 / ※ ゲーム内ヒント・UI では使わない開発者メモ。
web_130,130,easy / normal,豚の尻尾が好きな鳥は何?,ストライク,トラクター,扇風機,地平線,火,トンビ,F,トンビ,字面 どおり じゃ ない 読み方 がある よ,出典: nazonazo.nihonsimondai.com 第130問。 / 正答: 「トンビ」。 / パターン: 問いの字面どおりではなく、連想・音・意味のずれから正答にたどり着く。 / 意図: 「豚の尻尾が好きな鳥は何？」→「トンビ」になるよう読み替える。 / ※ ゲーム内ヒント・UI では使わない開発者メモ。
web_131,131,normal / hard,虫歯を治す仕事をしている動物は何?,けむり,ナメコ,自分の影,すし詰め,シカ（歯科）,カイロ,E,シカ（歯科）,身の 回り と 言葉 の ダジャレ を 考えてみて,出典: nazonazo.nihonsimondai.com 第131問。 / 正答: 「シカ（歯科）」。 / パターン: 問いの字面どおりではなく、連想・音・意味のずれから正答にたどり着く。 / 意図: 「虫歯を治す仕事をしている動物は何？」→「シカ（歯科）」になるよう読み替える。 / ※ ゲーム内ヒント・UI では使わない開発者メモ。
web_132,132,easy / normal,交通ルールをまもらないむしは何?,おかず,はし,カタール,ゴミ箱,雪だるま,信号無視,F,信号無視,同じ 言葉 でも 意味 が 2通り ある かも,出典: nazonazo.nihonsimondai.com 第132問。 / 正答: 「信号無視」。 / パターン: 問いの字面どおりではなく、連想・音・意味のずれから正答にたどり着く。 / 意図: 「交通ルールをまもらないむしは何？」→「信号無視」になるよう読み替える。 / ※ ゲーム内ヒント・UI では使わない開発者メモ。
web_133,133,easy / normal,ものすごくびっくりしたときにつく餅は何?,かつおぶし,こだま,飴玉,尻餅,キャンドル,ぷんぷん,D,尻餅,声 に 出して 読む と ヒント に なる こと も,出典: nazonazo.nihonsimondai.com 第133問。 / 正答: 「尻餅」。 / パターン: 答えが短い語（1〜2文字）。抽象名詞・自然現象系。 / 意図: 「ものすごくびっくりしたときにつく餅は何？」→「尻餅」になるよう読み替える。 / ※ ゲーム内ヒント・UI では使わない開発者メモ。
web_134,134,easy / normal,まわっていると立つものは何?,スピード,コマ,ポスト,会社,かさ,アイス,B,コマ,同じ 言葉 でも 意味 が 2通り ある かも,出典: nazonazo.nihonsimondai.com 第134問。 / 正答: 「コマ」。 / パターン: 答えが短い語（1〜2文字）。抽象名詞・自然現象系。 / 意図: 「まわっていると立つものは何？」→「コマ」になるよう読み替える。 / ※ ゲーム内ヒント・UI では使わない開発者メモ。
web_135,135,normal,食べると気持ちがすっきりする果物は何?,マスカット,まぶた,バラ,物干し竿,綱引き,クレヨン,A,マスカット,食べ物・動物・道具 の どれ でも ない 答え かも,出典: nazonazo.nihonsimondai.com 第135問。 / 正答: 「マスカット」。 / パターン: 問いの字面どおりではなく、連想・音・意味のずれから正答にたどり着く。 / 意図: 「食べると気持ちがすっきりする果物は何？」→「マスカット」になるよう読み替える。 / ※ ゲーム内ヒント・UI では使わない開発者メモ。
web_136,136,easy / normal,冷凍庫がすきな音楽は何?,コーラス,信号無視,竹,トキ,土手,悪魔,A,コーラス,字面 どおり じゃ ない 読み方 がある よ,出典: nazonazo.nihonsimondai.com 第136問。 / 正答: 「コーラス」。 / パターン: 問いの字面どおりではなく、連想・音・意味のずれから正答にたどり着く。 / 意図: 「冷凍庫がすきな音楽は何？」→「コーラス」になるよう読み替える。 / ※ ゲーム内ヒント・UI では使わない開発者メモ。
web_137,137,normal / hard,空を飛び回るパンといえば何?,白菜,空腹,ピーターパン,手紙,通帳,赤ん坊,C,ピーターパン,声 に 出して 読む と ヒント に なる こと も,出典: nazonazo.nihonsimondai.com 第137問。 / 正答: 「ピーターパン」。 / パターン: 問いの字面どおりではなく、連想・音・意味のずれから正答にたどり着く。 / 意図: 「空を飛び回るパンといえば何？」→「ピーターパン」になるよう読み替える。 / ※ ゲーム内ヒント・UI では使わない開発者メモ。
web_138,138,easy / normal,お酢が大好きという魚は何?,いかりをしずめる,結婚指輪,スズキ,ブラックバス,パパイヤ,飴玉,C,スズキ,身の 回り と 言葉 の ダジャレ を 考えてみて,出典: nazonazo.nihonsimondai.com 第138問。 / 正答: 「スズキ」。 / パターン: 問いの字面どおりではなく、連想・音・意味のずれから正答にたどり着く。 / 意図: 「お酢が大好きという魚は何？」→「スズキ」になるよう読み替える。 / ※ ゲーム内ヒント・UI では使わない開発者メモ。
web_139,139,easy / normal,席が膨らんでしまう席はどんな席?,ホッチキス,優勝,図書館,ドアノブ,傍聴席,カタール,E,傍聴席,食べ物・動物・道具 の どれ でも ない 答え かも,出典: nazonazo.nihonsimondai.com 第139問。 / 正答: 「傍聴席」。 / パターン: 問いの字面どおりではなく、連想・音・意味のずれから正答にたどり着く。 / 意図: 「席が膨らんでしまう席はどんな席？」→「傍聴席」になるよう読み替える。 / ※ ゲーム内ヒント・UI では使わない開発者メモ。
web_140,140,easy / normal,表しかない本は何の本?,コショウ,優勝,地平線,占いの本,扇風機,ボタン,D,占いの本,食べ物・動物・道具 の どれ でも ない 答え かも,出典: nazonazo.nihonsimondai.com 第140問。 / 正答: 「占いの本」。 / パターン: 問いの字面どおりではなく、連想・音・意味のずれから正答にたどり着く。 / 意図: 「表しかない本は何の本？」→「占いの本」になるよう読み替える。 / ※ ゲーム内ヒント・UI では使わない開発者メモ。
web_141,141,normal,小銭を無視している虫は?,アイス,スズキ,パン,話,お風呂,コガネムシ,F,コガネムシ,食べ物・動物・道具 の どれ でも ない 答え かも,出典: nazonazo.nihonsimondai.com 第141問。 / 正答: 「コガネムシ」。 / パターン: 問いの字面どおりではなく、連想・音・意味のずれから正答にたどり着く。 / 意図: 「小銭を無視している虫は？」→「コガネムシ」になるよう読み替える。 / ※ ゲーム内ヒント・UI では使わない開発者メモ。
web_142,142,easy / normal,目がたくさんあって振られるイスといえば何?,ダイス,昼食や夕食,占いの本,ことば,たまご,マッチ,A,ダイス,食べ物・動物・道具 の どれ でも ない 答え かも,出典: nazonazo.nihonsimondai.com 第142問。 / 正答: 「ダイス」。 / パターン: 問いの字面どおりではなく、連想・音・意味のずれから正答にたどり着く。 / 意図: 「目がたくさんあって振られるイスといえば何？」→「ダイス」になるよう読み替える。 / ※ ゲーム内ヒント・UI では使わない開発者メモ。
web_143,143,easy / normal,50セントの車の部品といえば何?,大関,ススキ,ハンドル,ホッチキス,スピード,おしろい,C,ハンドル,声 に 出して 読む と ヒント に なる こと も,出典: nazonazo.nihonsimondai.com 第143問。 / 正答: 「ハンドル」。 / パターン: 問いの字面どおりではなく、連想・音・意味のずれから正答にたどり着く。 / 意図: 「50セントの車の部品といえば何？」→「ハンドル」になるよう読み替える。 / ※ ゲーム内ヒント・UI では使わない開発者メモ。
web_144,144,normal,切るのには使われず、干すときに利用されるはさみといえば何?,信号無視,五本,洗濯バサミ,トラクター,天の川,ピーターパン,C,洗濯バサミ,身の 回り と 言葉 の ダジャレ を 考えてみて,出典: nazonazo.nihonsimondai.com 第144問。 / 正答: 「洗濯バサミ」。 / パターン: 問いの字面どおりではなく、連想・音・意味のずれから正答にたどり着く。 / 意図: 「切るのには使われず、干すときに利用されるはさみといえば何？」→「洗濯バサミ」になるよう読み替える。 / ※ ゲーム内ヒント・UI では使わない開発者メモ。
web_145,145,easy / normal,出すときには入れるものといえば何?,手紙,流れ星「名がレ」,鬼退治,まぶた,通帳,ランドセル,A,手紙,食べ物・動物・道具 の どれ でも ない 答え かも,出典: nazonazo.nihonsimondai.com 第145問。 / 正答: 「手紙」。 / パターン: 答えが短い語（1〜2文字）。抽象名詞・自然現象系。 / 意図: 「出すときには入れるものといえば何？」→「手紙」になるよう読み替える。 / ※ ゲーム内ヒント・UI では使わない開発者メモ。
web_146,146,easy / normal,お寺のごみとして捨てられた食べ物といえば何?,ナメコ,マイカー,カステラ,すし詰め,豆腐,床屋,C,カステラ,字面 どおり じゃ ない 読み方 がある よ,出典: nazonazo.nihonsimondai.com 第146問。 / 正答: 「カステラ」。 / パターン: 空腹・満腹や有無で性質が変わるもの（風船・文房具など）。 / 意図: 「お寺のごみとして捨てられた食べ物といえば何？」→「カステラ」になるよう読み替える。 / ※ ゲーム内ヒント・UI では使わない開発者メモ。
web_147,147,normal / hard,5本も歯が痛い人が遊ぶ遊びといえば何?,カステラ,バラ,方向音痴,羽子板（はごいた）,ゴミ箱,洗濯バサミ,D,羽子板（はごいた）,身の 回り と 言葉 の ダジャレ を 考えてみて,出典: nazonazo.nihonsimondai.com 第147問。 / 正答: 「羽子板（はごいた）」。 / パターン: 問いの字面どおりではなく、連想・音・意味のずれから正答にたどり着く。 / 意図: 「5本も歯が痛い人が遊ぶ遊びといえば何？」→「羽子板（はごいた）」になるよう読み替える。 / ※ ゲーム内ヒント・UI では使わない開発者メモ。
web_148,148,easy / normal,かんはかんでも本がたくさんあるかんといえば何?,パジャマ,はし,きも,カステラ,図書館,結婚指輪,E,図書館,声 に 出して 読む と ヒント に なる こと も,出典: nazonazo.nihonsimondai.com 第148問。 / 正答: 「図書館」。 / パターン: 問いの字面どおりではなく、連想・音・意味のずれから正答にたどり着く。 / 意図: 「かんはかんでも本がたくさんあるかんといえば何？」→「図書館」になるよう読み替える。 / ※ ゲーム内ヒント・UI では使わない開発者メモ。
web_149,149,normal / hard,一個でも十個あるという「ふ」は何?,シャーベット,沈黙,ストライク,豆腐,耕運機,マスカット,D,豆腐,字面 どおり じゃ ない 読み方 がある よ,出典: nazonazo.nihonsimondai.com 第149問。 / 正答: 「豆腐」。 / パターン: 答えが短い語（1〜2文字）。抽象名詞・自然現象系。 / 意図: 「一個でも十個あるという「ふ」は何？」→「豆腐」になるよう読み替える。 / ※ ゲーム内ヒント・UI では使わない開発者メモ。
web_150,150,easy / normal,ヤニはヤニでも体についてしまうヤニは何?,奈良時代,ぞうきん,左手,目やに,竹,たまごのカラ,D,目やに,同じ 言葉 でも 意味 が 2通り ある かも,出典: nazonazo.nihonsimondai.com 第150問。 / 正答: 「目やに」。 / パターン: 問いの字面どおりではなく、連想・音・意味のずれから正答にたどり着く。 / 意図: 「ヤニはヤニでも体についてしまうヤニは何？」→「目やに」になるよう読み替える。 / ※ ゲーム内ヒント・UI では使わない開発者メモ。
web_151,151,normal,お茶を半分だけ飲んで食べる食べ物は何?,消しゴムのカス,チャーハン,火,トキ,三輪車,豆腐,B,チャーハン,字面 どおり じゃ ない 読み方 がある よ,出典: nazonazo.nihonsimondai.com 第151問。 / 正答: 「チャーハン」。 / パターン: 空腹・満腹や有無で性質が変わるもの（風船・文房具など）。 / 意図: 「お茶を半分だけ飲んで食べる食べ物は何？」→「チャーハン」になるよう読み替える。 / ※ ゲーム内ヒント・UI では使わない開発者メモ。
web_152,152,normal / hard,頭のいい人が行く学部は何?,シラカバ,キジ,スピード,奈良時代,サイコロ,理工学部（利口）,F,理工学部（利口）,身の 回り と 言葉 の ダジャレ を 考えてみて,出典: nazonazo.nihonsimondai.com 第152問。 / 正答: 「理工学部（利口）」。 / パターン: 問いの字面どおりではなく、連想・音・意味のずれから正答にたどり着く。 / 意図: 「頭のいい人が行く学部は何？」→「理工学部（利口）」になるよう読み替える。 / ※ ゲーム内ヒント・UI では使わない開発者メモ。
web_153,153,normal / hard,小さい靴箱にぎっちり入ってる靴は何足?,人間,年齢,天の川,9足（窮屈）,タマゴ,さんぽ,D,9足（窮屈）,食べ物・動物・道具 の どれ でも ない 答え かも,出典: nazonazo.nihonsimondai.com 第153問。 / 正答: 「9足（窮屈）」。 / パターン: 問いの字面どおりではなく、連想・音・意味のずれから正答にたどり着く。 / 意図: 「小さい靴箱にぎっちり入ってる靴は何足？」→「9足（窮屈）」になるよう読み替える。 / ※ ゲーム内ヒント・UI では使わない開発者メモ。
web_154,154,easy / normal,山より高いところにある川は何?,めんたいこ,綱引き,通帳,マッチ,鬼退治,天の川,F,天の川,声 に 出して 読む と ヒント に なる こと も,出典: nazonazo.nihonsimondai.com 第154問。 / 正答: 「天の川」。 / パターン: 問いの字面どおりではなく、連想・音・意味のずれから正答にたどり着く。 / 意図: 「山より高いところにある川は何？」→「天の川」になるよう読み替える。 / ※ ゲーム内ヒント・UI では使わない開発者メモ。
web_155,155,easy / normal,新聞にいる鳥は何?,カーペット,飴玉,マッチ,コーラス,シャーベット,キジ,F,キジ,同じ 言葉 でも 意味 が 2通り ある かも,出典: nazonazo.nihonsimondai.com 第155問。 / 正答: 「キジ」。 / パターン: 答えが短い語（1〜2文字）。抽象名詞・自然現象系。 / 意図: 「新聞にいる鳥は何？」→「キジ」になるよう読み替える。 / ※ ゲーム内ヒント・UI では使わない開発者メモ。
web_156,156,normal / hard,門の鍵を持っている動物は何?,鏡,耕運機,サル（門のキーでモンキー）,やまびこ,赤ん坊,鬼退治,C,サル（門のキーでモンキー）,字面 どおり じゃ ない 読み方 がある よ,出典: nazonazo.nihonsimondai.com 第156問。 / 正答: 「サル（門のキーでモンキー）」。 / パターン: 問いの字面どおりではなく、連想・音・意味のずれから正答にたどり着く。 / 意図: 「門の鍵を持っている動物は何？」→「サル（門のキーでモンキー）」になるよう読み替える。 / ※ ゲーム内ヒント・UI では使わない開発者メモ。
web_157,157,easy / normal,右手で持てて左手でもてないものは何?,左手,こま,えんどう豆,カーペット,白菜,人間,A,左手,食べ物・動物・道具 の どれ でも ない 答え かも,出典: nazonazo.nihonsimondai.com 第157問。 / 正答: 「左手」。 / パターン: 答えが短い語（1〜2文字）。抽象名詞・自然現象系。 / 意図: 「右手で持てて左手でもてないものは何？」→「左手」になるよう読み替える。 / ※ ゲーム内ヒント・UI では使わない開発者メモ。
web_158,158,normal / hard,食べると混乱してしまう果物は何?,光,サクランボウ（錯乱）,天の川,ピアノ,逮捕,手紙,B,サクランボウ（錯乱）,字面 どおり じゃ ない 読み方 がある よ,出典: nazonazo.nihonsimondai.com 第158問。 / 正答: 「サクランボウ（錯乱）」。 / パターン: 問いの字面どおりではなく、連想・音・意味のずれから正答にたどり着く。 / 意図: 「食べると混乱してしまう果物は何？」→「サクランボウ（錯乱）」になるよう読み替える。 / ※ ゲーム内ヒント・UI では使わない開発者メモ。
web_159,159,easy / normal,クシふたつと同じ価値の植物は何?,白菜,ハガキ,ヒヨコ,ツクシ,アイス,ポスト,D,ツクシ,食べ物・動物・道具 の どれ でも ない 答え かも,出典: nazonazo.nihonsimondai.com 第159問。 / 正答: 「ツクシ」。 / パターン: 問いの字面どおりではなく、連想・音・意味のずれから正答にたどり着く。 / 意図: 「クシふたつと同じ価値の植物は何？」→「ツクシ」になるよう読み替える。 / ※ ゲーム内ヒント・UI では使わない開発者メモ。
web_160,160,easy / normal,9回も食べてしまうものは何?,エビ,風船,給食,肩車,スズキ,カステラ,C,給食,声 に 出して 読む と ヒント に なる こと も,出典: nazonazo.nihonsimondai.com 第160問。 / 正答: 「給食」。 / パターン: 答えが短い語（1〜2文字）。抽象名詞・自然現象系。 / 意図: 「9回も食べてしまうものは何？」→「給食」になるよう読み替える。 / ※ ゲーム内ヒント・UI では使わない開発者メモ。
web_161,161,easy / normal,小さな鳥が落ちるとどんな音がするでしょう?,年齢,ゴーカート,コトリ,はさみ,かさ,左手,C,コトリ,同じ 言葉 でも 意味 が 2通り ある かも,出典: nazonazo.nihonsimondai.com 第161問。 / 正答: 「コトリ」。 / パターン: 問いの字面どおりではなく、連想・音・意味のずれから正答にたどり着く。 / 意図: 「小さな鳥が落ちるとどんな音がするでしょう？」→「コトリ」になるよう読み替える。 / ※ ゲーム内ヒント・UI では使わない開発者メモ。
web_162,162,easy / normal,口の中に入れると消えてしまう玉は何?,医者,はさみ,飴玉,カナダ,影,水,C,飴玉,同じ 言葉 でも 意味 が 2通り ある かも,出典: nazonazo.nihonsimondai.com 第162問。 / 正答: 「飴玉」。 / パターン: 口・舌・耳の有無と、電話・こだま・言葉など「伝える」仕組みのひっかけ。 / 意図: 「口の中に入れると消えてしまう玉は何？」→「飴玉」になるよう読み替える。 / ※ ゲーム内ヒント・UI では使わない開発者メモ。
web_163,163,normal / hard,尻に「ん」をつけるとこちらにくる鳥は何?,カーペット,沈黙,手紙,おまけ,かも（カモン）,コマ,E,かも（カモン）,同じ 言葉 でも 意味 が 2通り ある かも,出典: nazonazo.nihonsimondai.com 第163問。 / 正答: 「かも（カモン）」。 / パターン: 問いの字面どおりではなく、連想・音・意味のずれから正答にたどり着く。 / 意図: 「尻に「ん」をつけるとこちらにくる鳥は何？」→「かも（カモン）」になるよう読み替える。 / ※ ゲーム内ヒント・UI では使わない開発者メモ。
web_164,164,normal / hard,アリ・キリギリス、お母さんが化粧しないのはどっち?,こっくり,なべぶた,アリ（アリのママ）,はさみ,スカイ,耕運機,C,アリ（アリのママ）,食べ物・動物・道具 の どれ でも ない 答え かも,出典: nazonazo.nihonsimondai.com 第164問。 / 正答: 「アリ（アリのママ）」。 / パターン: 問いの字面どおりではなく、連想・音・意味のずれから正答にたどり着く。 / 意図: 「アリ・キリギリス、お母さんが化粧しないのはどっち？」→「アリ（アリのママ）」になるよう読み替える。 / ※ ゲーム内ヒント・UI では使わない開発者メモ。
web_165,165,easy / normal,七色の体をもつ魚は何?,ポスト,ニジマス,年齢,天の川,ろうそく,床屋,B,ニジマス,食べ物・動物・道具 の どれ でも ない 答え かも,出典: nazonazo.nihonsimondai.com 第165問。 / 正答: 「ニジマス」。 / パターン: 問いの字面どおりではなく、連想・音・意味のずれから正答にたどり着く。 / 意図: 「七色の体をもつ魚は何？」→「ニジマス」になるよう読み替える。 / ※ ゲーム内ヒント・UI では使わない開発者メモ。
web_166,166,normal / hard,棒をとるとハンバーガーは何になる?,流れ星「名がレ」,つめ,ハンガー（棒＝バー）,カンナ,ドーナツ,時計の針,C,ハンガー（棒＝バー）,字面 どおり じゃ ない 読み方 がある よ,出典: nazonazo.nihonsimondai.com 第166問。 / 正答: 「ハンガー（棒＝バー）」。 / パターン: 問いの字面どおりではなく、連想・音・意味のずれから正答にたどり着く。 / 意図: 「棒をとるとハンバーガーは何になる？」→「ハンガー（棒＝バー）」になるよう読み替える。 / ※ ゲーム内ヒント・UI では使わない開発者メモ。
web_167,167,normal / hard,三羽の鳥がいます。何色でしょう?,ミドリ（3鳥）,包丁,サイダー,結婚指輪,豚,パジャマ,A,ミドリ（3鳥）,字面 どおり じゃ ない 読み方 がある よ,出典: nazonazo.nihonsimondai.com 第167問。 / 正答: 「ミドリ（3鳥）」。 / パターン: 問いの字面どおりではなく、連想・音・意味のずれから正答にたどり着く。 / 意図: 「三羽の鳥がいます。何色でしょう？」→「ミドリ（3鳥）」になるよう読み替える。 / ※ ゲーム内ヒント・UI では使わない開発者メモ。
web_168,168,normal,アメリカで売っているろうそくは何ドル?,ゴーカート,影,ススキ,キャンドル,金魚すくいの金魚,スカイ,D,キャンドル,身の 回り と 言葉 の ダジャレ を 考えてみて,出典: nazonazo.nihonsimondai.com 第168問。 / 正答: 「キャンドル」。 / パターン: 問いの字面どおりではなく、連想・音・意味のずれから正答にたどり着く。 / 意図: 「アメリカで売っているろうそくは何ドル？」→「キャンドル」になるよう読み替える。 / ※ ゲーム内ヒント・UI では使わない開発者メモ。
web_169,169,easy / normal,いしゃはいしゃでも病気になったらいかないいしゃは何?,わかめ,扇風機,ゴミ箱,ダイス,ランドセル,会社,F,会社,同じ 言葉 でも 意味 が 2通り ある かも,出典: nazonazo.nihonsimondai.com 第169問。 / 正答: 「会社」。 / パターン: 答えが短い語（1〜2文字）。抽象名詞・自然現象系。 / 意図: 「いしゃはいしゃでも病気になったらいかないいしゃは何？」→「会社」になるよう読み替える。 / ※ ゲーム内ヒント・UI では使わない開発者メモ。
web_170,170,easy / normal,寝るときに使う邪魔なものは何?,腹,あり,時計の針,もくじ,パジャマ,豆腐,E,パジャマ,声 に 出して 読む と ヒント に なる こと も,出典: nazonazo.nihonsimondai.com 第170問。 / 正答: 「パジャマ」。 / パターン: 問いの字面どおりではなく、連想・音・意味のずれから正答にたどり着く。 / 意図: 「寝るときに使う邪魔なものは何？」→「パジャマ」になるよう読み替える。 / ※ ゲーム内ヒント・UI では使わない開発者メモ。
web_171,171,easy / normal,いつも人を呼んでいる魚は何?,餃子,マスカット,鯉,スズキ,ドアノブ,竹,C,鯉,声 に 出して 読む と ヒント に なる こと も,出典: nazonazo.nihonsimondai.com 第171問。 / 正答: 「鯉」。 / パターン: 答えが短い語（1〜2文字）。抽象名詞・自然現象系。 / 意図: 「いつも人を呼んでいる魚は何？」→「鯉」になるよう読み替える。 / ※ ゲーム内ヒント・UI では使わない開発者メモ。
web_172,172,normal / hard,ひだりとみぎよく喋るのはどっち何?,メドレー,右（漢字に口がある）,まぶた,弱虫,腹,ドアノブ,B,右（漢字に口がある）,字面 どおり じゃ ない 読み方 がある よ,出典: nazonazo.nihonsimondai.com 第172問。 / 正答: 「右（漢字に口がある）」。 / パターン: 問いの字面どおりではなく、連想・音・意味のずれから正答にたどり着く。 / 意図: 「ひだりとみぎよく喋るのはどっち何？」→「右（漢字に口がある）」になるよう読み替える。 / ※ ゲーム内ヒント・UI では使わない開発者メモ。
web_173,173,easy / normal,寝るときに使うふたは何?,竹,雪だるま,カステラ,あくび,風船,まぶた,F,まぶた,声 に 出して 読む と ヒント に なる こと も,出典: nazonazo.nihonsimondai.com 第173問。 / 正答: 「まぶた」。 / パターン: 問いの字面どおりではなく、連想・音・意味のずれから正答にたどり着く。 / 意図: 「寝るときに使うふたは何？」→「まぶた」になるよう読み替える。 / ※ ゲーム内ヒント・UI では使わない開発者メモ。
web_174,174,normal,晴れの時には絶対あらわれない鳥は何?,あまやどり,トラクター,発見,ナメコ,おかず,ぞうきん,A,あまやどり,身の 回り と 言葉 の ダジャレ を 考えてみて,出典: nazonazo.nihonsimondai.com 第174問。 / 正答: 「あまやどり」。 / パターン: 問いの字面どおりではなく、連想・音・意味のずれから正答にたどり着く。 / 意図: 「晴れの時には絶対あらわれない鳥は何？」→「あまやどり」になるよう読み替える。 / ※ ゲーム内ヒント・UI では使わない開発者メモ。
web_175,175,easy / normal,車を持っているイカは何?,めんたいこ,ダンボール,傍聴席,ブラックバス,コーラス,マイカー,F,マイカー,食べ物・動物・道具 の どれ でも ない 答え かも,出典: nazonazo.nihonsimondai.com 第175問。 / 正答: 「マイカー」。 / パターン: 問いの字面どおりではなく、連想・音・意味のずれから正答にたどり着く。 / 意図: 「車を持っているイカは何？」→「マイカー」になるよう読み替える。 / ※ ゲーム内ヒント・UI では使わない開発者メモ。
web_176,176,easy / normal,庭にあるえきは何?,えんどう豆,豚,シャーベット,ゴミ袋,植木,肉まん,E,植木,身の 回り と 言葉 の ダジャレ を 考えてみて,出典: nazonazo.nihonsimondai.com 第176問。 / 正答: 「植木」。 / パターン: 答えが短い語（1〜2文字）。抽象名詞・自然現象系。 / 意図: 「庭にあるえきは何？」→「植木」になるよう読み替える。 / ※ ゲーム内ヒント・UI では使わない開発者メモ。
web_177,177,easy / normal,食べると歯が臭くなる野菜は何?,豚,トンビ,ジャマイカ,大晦日,サイン,白菜,F,白菜,同じ 言葉 でも 意味 が 2通り ある かも,出典: nazonazo.nihonsimondai.com 第177問。 / 正答: 「白菜」。 / パターン: 答えが短い語（1〜2文字）。抽象名詞・自然現象系。 / 意図: 「食べると歯が臭くなる野菜は何？」→「白菜」になるよう読み替える。 / ※ ゲーム内ヒント・UI では使わない開発者メモ。
web_178,178,easy / normal,鍋のうえにあって食べられないぶたは何?,おしろい,自分の影,ゴーカート,ツクシ,恥,なべぶた,F,なべぶた,同じ 言葉 だけど 食べ物 じゃ ない 意味 かも？,出典: nazonazo.nihonsimondai.com 第178問。 / 正答: 「なべぶた」。 / パターン: 「XはXでも、たべられないX」型。同じ読み・似た語の別意味（道具・飾り・動物名など）を当てるダジャレ。 / 意図: 「鍋のうえにあって食べられないぶたは何？」→「なべぶた」になるよう読み替える。 / ※ ゲーム内ヒント・UI では使わない開発者メモ。
web_179,179,easy / normal,よごれをふき取るのに使うきんは何?,ウグイス,スリッパ,ぞうきん,サイコロ,白菜,ライス,C,ぞうきん,食べ物・動物・道具 の どれ でも ない 答え かも,出典: nazonazo.nihonsimondai.com 第179問。 / 正答: 「ぞうきん」。 / パターン: 問いの字面どおりではなく、連想・音・意味のずれから正答にたどり着く。 / 意図: 「よごれをふき取るのに使うきんは何？」→「ぞうきん」になるよう読み替える。 / ※ ゲーム内ヒント・UI では使わない開発者メモ。
web_180,180,easy / normal / hard,何本あっても束にならない花は何?,ろうそく,やまびこ,大関,バラ,おまけ,豚,D,バラ,同じ 言葉 でも 意味 が 2通り ある かも,出典: nazonazo.nihonsimondai.com 第180問。 / 正答: 「バラ」。 / パターン: 答えが短い語（1〜2文字）。抽象名詞・自然現象系。 / 意図: 「何本あっても束にならない花は何？」→「バラ」になるよう読み替える。 / ※ ゲーム内ヒント・UI では使わない開発者メモ。
web_181,181,easy / normal / hard,元暴走族の力士が得意とする技は何?,会社,もくじ,シラカバ,ニジマス,つっぱり,ゴミ箱,E,つっぱり,声 に 出して 読む と ヒント に なる こと も,出典: nazonazo.nihonsimondai.com 第181問。 / 正答: 「つっぱり」。 / パターン: 動き・時間の比喩（針・影・地平線など、見えているのに追いつけない／戻るもの）。 / 意図: 「元暴走族の力士が得意とする技は何？」→「つっぱり」になるよう読み替える。 / ※ ゲーム内ヒント・UI では使わない開発者メモ。
web_182,182,normal / hard,動物園から動物が逃げたので皆あらゆるところを探している。なにが逃げた?,カタール,コーラス,ガン,あり,会社,熊（くまなく探す）,F,熊（くまなく探す）,食べ物・動物・道具 の どれ でも ない 答え かも,出典: nazonazo.nihonsimondai.com 第182問。 / 正答: 「熊（くまなく探す）」。 / パターン: 問いの字面どおりではなく、連想・音・意味のずれから正答にたどり着く。 / 意図: 「動物園から動物が逃げたので皆あらゆるところを探している。なにが逃げた？」→「熊（くまなく探す）」になるよう読み替える。 / ※ ゲーム内ヒント・UI では使わない開発者メモ。
web_183,183,easy / normal / hard,キツネが食べるとおならをする食べ物は何?,あまやどり,通帳,コンブ,けむり,結婚指輪,年齢,C,コンブ,声 に 出して 読む と ヒント に なる こと も,出典: nazonazo.nihonsimondai.com 第183問。 / 正答: 「コンブ」。 / パターン: 空腹・満腹や有無で性質が変わるもの（風船・文房具など）。 / 意図: 「キツネが食べるとおならをする食べ物は何？」→「コンブ」になるよう読み替える。 / ※ ゲーム内ヒント・UI では使わない開発者メモ。
web_184,184,normal / hard,そらの上には何がある?,風船,ツクシ,光,シド（ドレミファソラシド）,スリッパ,扇風機,D,シド（ドレミファソラシド）,同じ 言葉 でも 意味 が 2通り ある かも,出典: nazonazo.nihonsimondai.com 第184問。 / 正答: 「シド（ドレミファソラシド）」。 / パターン: 問いの字面どおりではなく、連想・音・意味のずれから正答にたどり着く。 / 意図: 「そらの上には何がある？」→「シド（ドレミファソラシド）」になるよう読み替える。 / ※ ゲーム内ヒント・UI では使わない開発者メモ。
web_185,185,easy / normal / hard,漢字で書けない国は何?,影,白菜,カナダ,大関,通帳,キジ,C,カナダ,同じ 言葉 でも 意味 が 2通り ある かも,出典: nazonazo.nihonsimondai.com 第185問。 / 正答: 「カナダ」。 / パターン: 問いの字面どおりではなく、連想・音・意味のずれから正答にたどり着く。 / 意図: 「漢字で書けない国は何？」→「カナダ」になるよう読み替える。 / ※ ゲーム内ヒント・UI では使わない開発者メモ。
web_186,186,easy / normal / hard,黙って食べてもうらまれない食べ物は何?,カタール,肉まん,バター,あまやどり,空腹,ポスト,B,肉まん,同じ 言葉 でも 意味 が 2通り ある かも,出典: nazonazo.nihonsimondai.com 第186問。 / 正答: 「肉まん」。 / パターン: 空腹・満腹や有無で性質が変わるもの（風船・文房具など）。 / 意図: 「黙って食べてもうらまれない食べ物は何？」→「肉まん」になるよう読み替える。 / ※ ゲーム内ヒント・UI では使わない開発者メモ。
web_187,187,normal / hard,ポットは男か女か?,こしょう,鬼退治,信号無視,男（押す［オス］から）,玄関,食事,D,男（押す［オス］から）,同じ 言葉 でも 意味 が 2通り ある かも,出典: nazonazo.nihonsimondai.com 第187問。 / 正答: 「男（押す［オス］から）」。 / パターン: 問いの字面どおりではなく、連想・音・意味のずれから正答にたどり着く。 / 意図: 「ポットは男か女か？」→「男（押す［オス］から）」になるよう読み替える。 / ※ ゲーム内ヒント・UI では使わない開発者メモ。
web_188,188,normal / hard,王様も朝には食べられないものは何?,空腹,昼食や夕食,サイコロ,豚,豆腐,ナス,B,昼食や夕食,同じ 言葉 だけど 食べ物 じゃ ない 意味 かも？,出典: nazonazo.nihonsimondai.com 第188問。 / 正答: 「昼食や夕食」。 / パターン: 「XはXでも、たべられないX」型。同じ読み・似た語の別意味（道具・飾り・動物名など）を当てるダジャレ。 / 意図: 「王様も朝には食べられないものは何？」→「昼食や夕食」になるよう読み替える。 / ※ ゲーム内ヒント・UI では使わない開発者メモ。
web_189,189,normal / hard,器だけで他に何もない料理は何?,まぶた,木曜日,サラダ（皿だ）,ニセ札,お風呂,土手,C,サラダ（皿だ）,声 に 出して 読む と ヒント に なる こと も,出典: nazonazo.nihonsimondai.com 第189問。 / 正答: 「サラダ（皿だ）」。 / パターン: 問いの字面どおりではなく、連想・音・意味のずれから正答にたどり着く。 / 意図: 「器だけで他に何もない料理は何？」→「サラダ（皿だ）」になるよう読み替える。 / ※ ゲーム内ヒント・UI では使わない開発者メモ。
web_190,190,easy / normal / hard,見るとお金がかかるのがコンサート、みられてお金がかかるのは何?,天気,医者,ナス,三輪車,ぷんぷん,ホッチキス,B,医者,字面 どおり じゃ ない 読み方 がある よ,出典: nazonazo.nihonsimondai.com 第190問。 / 正答: 「医者」。 / パターン: 答えが短い語（1〜2文字）。抽象名詞・自然現象系。 / 意図: 「見るとお金がかかるのがコンサート、みられてお金がかかるのは何？」→「医者」になるよう読み替える。 / ※ ゲーム内ヒント・UI では使わない開発者メモ。
web_191,191,easy / normal / hard,舞台の中に隠れている動物は何?,豚,水,トンビ,フクロウ,ヒヨコ,玄関,A,豚,声 に 出して 読む と ヒント に なる こと も,出典: nazonazo.nihonsimondai.com 第191問。 / 正答: 「豚」。 / パターン: 答えが短い語（1〜2文字）。抽象名詞・自然現象系。 / 意図: 「舞台の中に隠れている動物は何？」→「豚」になるよう読み替える。 / ※ ゲーム内ヒント・UI では使わない開発者メモ。
web_192,192,easy / normal / hard,眠たくなると出てくるくりは何?,優勝,カメレオン,こっくり,ゴミ箱,消しゴムのカス,カイロ,C,こっくり,同じ 言葉 でも 意味 が 2通り ある かも,出典: nazonazo.nihonsimondai.com 第192問。 / 正答: 「こっくり」。 / パターン: 問いの字面どおりではなく、連想・音・意味のずれから正答にたどり着く。 / 意図: 「眠たくなると出てくるくりは何？」→「こっくり」になるよう読み替える。 / ※ ゲーム内ヒント・UI では使わない開発者メモ。
web_193,193,easy / normal / hard,右手ではかけるのに左手ではかけないのは何?,れいとう,左手,リス,かつおぶし,チャーハン,傍聴席,B,左手,食べ物・動物・道具 の どれ でも ない 答え かも,出典: nazonazo.nihonsimondai.com 第193問。 / 正答: 「左手」。 / パターン: 答えが短い語（1〜2文字）。抽象名詞・自然現象系。 / 意図: 「右手ではかけるのに左手ではかけないのは何？」→「左手」になるよう読み替える。 / ※ ゲーム内ヒント・UI では使わない開発者メモ。
web_194,194,normal / hard,急に病気になった人を運ぶのにかかる時間は?,わかめ,げんしじん,えり足,９秒（急病）,流れ星「名がレ」,影,D,９秒（急病）,声 に 出して 読む と ヒント に なる こと も,出典: nazonazo.nihonsimondai.com 第194問。 / 正答: 「９秒（急病）」。 / パターン: 問いの字面どおりではなく、連想・音・意味のずれから正答にたどり着く。 / 意図: 「急に病気になった人を運ぶのにかかる時間は？」→「９秒（急病）」になるよう読み替える。 / ※ ゲーム内ヒント・UI では使わない開発者メモ。
web_195,195,normal / hard,おやつは３じ では、いまはなんじ?,物干し竿,ぷんぷん,ガン,２じ（２字）,キジ,えんどう豆,D,２じ（２字）,字面 どおり じゃ ない 読み方 がある よ,出典: nazonazo.nihonsimondai.com 第195問。 / 正答: 「２じ（２字）」。 / パターン: 問いの字面どおりではなく、連想・音・意味のずれから正答にたどり着く。 / 意図: 「おやつは３じ では、いまはなんじ？」→「２じ（２字）」になるよう読み替える。 / ※ ゲーム内ヒント・UI では使わない開発者メモ。
web_196,196,easy / normal / hard,世界の真ん中にいる虫は?,扇風機,会社,蚊,げんしじん,晴天,三輪車,C,蚊,大きな 木 より 高く 登れて 水 ひと滴 渡れない 小さな 生き物,出典: nazonazo.nihonsimondai.com 第196問。 / 正答: 「蚊」。 / パターン: 答えが短い語（1〜2文字）。抽象名詞・自然現象系。 / 意図: 「世界の真ん中にいる虫は？」→「蚊」になるよう読み替える。 / ※ ゲーム内ヒント・UI では使わない開発者メモ。
web_197,197,normal / hard,「ピストル」とよばれる鳥はどんな鳥?,メドレー,ニジマス,ぷんぷん,手紙,ガン,コンブ,E,ガン,身の 回り と 言葉 の ダジャレ を 考えてみて,出典: nazonazo.nihonsimondai.com 第197問。 / 正答: 「ガン」。 / パターン: 答えが短い語（1〜2文字）。抽象名詞・自然現象系。 / 意図: 「「ピストル」とよばれる鳥はどんな鳥？」→「ガン」になるよう読み替える。 / ※ ゲーム内ヒント・UI では使わない開発者メモ。
web_198,198,normal / hard,グラフを書くとあらわれる動物は何?,包丁,ヒョウ（表）,スリッパ,手紙,光,カステラ,B,ヒョウ（表）,食べ物・動物・道具 の どれ でも ない 答え かも,出典: nazonazo.nihonsimondai.com 第198問。 / 正答: 「ヒョウ（表）」。 / パターン: 問いの字面どおりではなく、連想・音・意味のずれから正答にたどり着く。 / 意図: 「グラフを書くとあらわれる動物は何？」→「ヒョウ（表）」になるよう読み替える。 / ※ ゲーム内ヒント・UI では使わない開発者メモ。
web_199,199,easy / normal / hard,怒っている人はなんぷん?,ぷんぷん,カンナ,きも,豆腐,まぶた,かさ,A,ぷんぷん,食べ物・動物・道具 の どれ でも ない 答え かも,出典: nazonazo.nihonsimondai.com 第199問。 / 正答: 「ぷんぷん」。 / パターン: 問いの字面どおりではなく、連想・音・意味のずれから正答にたどり着く。 / 意図: 「怒っている人はなんぷん？」→「ぷんぷん」になるよう読み替える。 / ※ ゲーム内ヒント・UI では使わない開発者メモ。
web_200,200,normal / hard,下から見るとばからしい木は何?,会社,白樺（逆から読んでバカラシ）,結婚指輪,ステッキ,花火,パパイヤ,B,白樺（逆から読んでバカラシ）,字面 どおり じゃ ない 読み方 がある よ,出典: nazonazo.nihonsimondai.com 第200問。 / 正答: 「白樺（逆から読んでバカラシ）」。 / パターン: 問いの字面どおりではなく、連想・音・意味のずれから正答にたどり着く。 / 意図: 「下から見るとばからしい木は何？」→「白樺（逆から読んでバカラシ）」になるよう読み替える。 / ※ ゲーム内ヒント・UI では使わない開発者メモ。
web_201,201,easy / normal / hard,何でも書く書道の先生がかきたがらないものは何?,自分の影,スズキ,こま,カステラ,スピード,恥,F,恥,声 に 出して 読む と ヒント に なる こと も,出典: nazonazo.nihonsimondai.com 第201問。 / 正答: 「恥」。 / パターン: 答えが短い語（1〜2文字）。抽象名詞・自然現象系。 / 意図: 「何でも書く書道の先生がかきたがらないものは何？」→「恥」になるよう読み替える。 / ※ ゲーム内ヒント・UI では使わない開発者メモ。
web_202,202,normal / hard,くだらないエスカレーター、上に行く？下に行く?,上（下らない）,やまびこ,うめぼし,恋愛,ゴミ箱,つなひき,A,上（下らない）,食べ物・動物・道具 の どれ でも ない 答え かも,出典: nazonazo.nihonsimondai.com 第202問。 / 正答: 「上（下らない）」。 / パターン: 問いの字面どおりではなく、連想・音・意味のずれから正答にたどり着く。 / 意図: 「くだらないエスカレーター、上に行く？下に行く？」→「上（下らない）」になるよう読み替える。 / ※ ゲーム内ヒント・UI では使わない開発者メモ。
web_203,203,easy / normal / hard,使うと捨てちゃうのに買う袋は何?,時計の針,キツネ,なめくじ,ゴミ袋,サイン,方向音痴,D,ゴミ袋,食べ物・動物・道具 の どれ でも ない 答え かも,出典: nazonazo.nihonsimondai.com 第203問。 / 正答: 「ゴミ袋」。 / パターン: 問いの字面どおりではなく、連想・音・意味のずれから正答にたどり着く。 / 意図: 「使うと捨てちゃうのに買う袋は何？」→「ゴミ袋」になるよう読み替える。 / ※ ゲーム内ヒント・UI では使わない開発者メモ。
web_204,204,normal / hard,死んだ人だけが招待されるイベントは何?,発見,カンナ,悪魔,試写会（死者会）,天の川,ワサビ,D,試写会（死者会）,字面 どおり じゃ ない 読み方 がある よ,出典: nazonazo.nihonsimondai.com 第204問。 / 正答: 「試写会（死者会）」。 / パターン: 問いの字面どおりではなく、連想・音・意味のずれから正答にたどり着く。 / 意図: 「死んだ人だけが招待されるイベントは何？」→「試写会（死者会）」になるよう読み替える。 / ※ ゲーム内ヒント・UI では使わない開発者メモ。
web_205,205,easy / normal / hard,野菜をいっぱい載せたトラックが急ブレーキ。落ちたのは何?,扇風機,キツネ,スピード,パジャマ,木曜日,ランドセル,C,スピード,食べ物・動物・道具 の どれ でも ない 答え かも,出典: nazonazo.nihonsimondai.com 第205問。 / 正答: 「スピード」。 / パターン: 問いの字面どおりではなく、連想・音・意味のずれから正答にたどり着く。 / 意図: 「野菜をいっぱい載せたトラックが急ブレーキ。落ちたのは何？」→「スピード」になるよう読み替える。 / ※ ゲーム内ヒント・UI では使わない開発者メモ。
web_206,206,easy / normal / hard,いつも木をつねってばかりいる動物は?,ガン,カナダ,お風呂,なべぶた,目やに,キツネ,F,キツネ,同じ 言葉 でも 意味 が 2通り ある かも,出典: nazonazo.nihonsimondai.com 第206問。 / 正答: 「キツネ」。 / パターン: 問いの字面どおりではなく、連想・音・意味のずれから正答にたどり着く。 / 意図: 「いつも木をつねってばかりいる動物は？」→「キツネ」になるよう読み替える。 / ※ ゲーム内ヒント・UI では使わない開発者メモ。
web_207,207,easy / normal / hard,素晴らしい木ってどんなもの?,ステッキ,洗濯バサミ,えんどう豆,金魚すくいの金魚,自分自身,傍聴席,A,ステッキ,食べ物・動物・道具 の どれ でも ない 答え かも,出典: nazonazo.nihonsimondai.com 第207問。 / 正答: 「ステッキ」。 / パターン: 問いの字面どおりではなく、連想・音・意味のずれから正答にたどり着く。 / 意図: 「素晴らしい木ってどんなもの？」→「ステッキ」になるよう読み替える。 / ※ ゲーム内ヒント・UI では使わない開発者メモ。
web_208,208,normal / hard,氷の上で滑るのが得意な魚って何?,地平線,トンビ,信号無視,ワサビ,ホッケ（ホッケー）,鬼退治,E,ホッケ（ホッケー）,身の 回り と 言葉 の ダジャレ を 考えてみて,出典: nazonazo.nihonsimondai.com 第208問。 / 正答: 「ホッケ（ホッケー）」。 / パターン: 問いの字面どおりではなく、連想・音・意味のずれから正答にたどり着く。 / 意図: 「氷の上で滑るのが得意な魚って何？」→「ホッケ（ホッケー）」になるよう読み替える。 / ※ ゲーム内ヒント・UI では使わない開発者メモ。
web_209,209,normal / hard,宇宙に行くと食欲がなくなってしまうそうです。何で?,おかず,パジャマ,会社,コガネムシ,スカイ,食う気がない（空気がない）から,F,食う気がない（空気がない）から,字面 どおり じゃ ない 読み方 がある よ,出典: nazonazo.nihonsimondai.com 第209問。 / 正答: 「食う気がない（空気がない）から」。 / パターン: 問いの字面どおりではなく、連想・音・意味のずれから正答にたどり着く。 / 意図: 「宇宙に行くと食欲がなくなってしまうそうです。何で？」→「食う気がない（空気がない）から」になるよう読み替える。 / ※ ゲーム内ヒント・UI では使わない開発者メモ。
web_210,210,normal / hard,家から10メートル先にある家は誰のお家でしょうか?,先生（センセンチ）,消しゴムのカス,つなひき,コンドル,マスカット,洗濯バサミ,A,先生（センセンチ）,字面 どおり じゃ ない 読み方 がある よ,出典: nazonazo.nihonsimondai.com 第210問。 / 正答: 「先生（センセンチ）」。 / パターン: 問いの字面どおりではなく、連想・音・意味のずれから正答にたどり着く。 / 意図: 「家から10メートル先にある家は誰のお家でしょうか？」→「先生（センセンチ）」になるよう読み替える。 / ※ ゲーム内ヒント・UI では使わない開発者メモ。
web_211,211,easy / normal / hard,オカマが引っくりかえっている海外の都市はどこ?,植木,マカオ,まぶた,耕運機,おしろい,チャーハン,B,マカオ,字面 どおり じゃ ない 読み方 がある よ,出典: nazonazo.nihonsimondai.com 第211問。 / 正答: 「マカオ」。 / パターン: 問いの字面どおりではなく、連想・音・意味のずれから正答にたどり着く。 / 意図: 「オカマが引っくりかえっている海外の都市はどこ？」→「マカオ」になるよう読み替える。 / ※ ゲーム内ヒント・UI では使わない開発者メモ。
web_212,212,easy / normal / hard,タイヤを使わないで二本足で人を運ぶ車は何?,ぷんぷん,ニジマス,天気,クレーン,シラカバ,肩車,F,肩車,字面 どおり じゃ ない 読み方 がある よ,出典: nazonazo.nihonsimondai.com 第212問。 / 正答: 「肩車」。 / パターン: 答えが短い語（1〜2文字）。抽象名詞・自然現象系。 / 意図: 「タイヤを使わないで二本足で人を運ぶ車は何？」→「肩車」になるよう読み替える。 / ※ ゲーム内ヒント・UI では使わない開発者メモ。
web_213,213,easy / normal / hard,割ったりかけたりするのに足したり引いたりできないものは何?,やっきょく,バラ,アイス,タマゴ,手紙,わかめ,D,タマゴ,同じ 言葉 でも 意味 が 2通り ある かも,出典: nazonazo.nihonsimondai.com 第213問。 / 正答: 「タマゴ」。 / パターン: 問いの字面どおりではなく、連想・音・意味のずれから正答にたどり着く。 / 意図: 「割ったりかけたりするのに足したり引いたりできないものは何？」→「タマゴ」になるよう読み替える。 / ※ ゲーム内ヒント・UI では使わない開発者メモ。
web_214,214,normal / hard,草の下でお母さんが手に入れる果物は?,カステラ,やっきょく,苺（いちご）・（くさかんむりの下に母）,大関,ことば,自分の影,C,苺（いちご）・（くさかんむりの下に母）,同じ 言葉 でも 意味 が 2通り ある かも,出典: nazonazo.nihonsimondai.com 第214問。 / 正答: 「苺（いちご）・（くさかんむりの下に母）」。 / パターン: 問いの字面どおりではなく、連想・音・意味のずれから正答にたどり着く。 / 意図: 「草の下でお母さんが手に入れる果物は？」→「苺（いちご）・（くさかんむりの下に母）」になるよう読み替える。 / ※ ゲーム内ヒント・UI では使わない開発者メモ。
web_215,215,easy / normal / hard,骨と皮だけなのに人をすずしくする物は何?,ゴミ袋,五本,空,うちわ,おかず,ドアノブ,D,うちわ,字面 どおり じゃ ない 読み方 がある よ,出典: nazonazo.nihonsimondai.com 第215問。 / 正答: 「うちわ」。 / パターン: 問いの字面どおりではなく、連想・音・意味のずれから正答にたどり着く。 / 意図: 「骨と皮だけなのに人をすずしくする物は何？」→「うちわ」になるよう読み替える。 / ※ ゲーム内ヒント・UI では使わない開発者メモ。
web_216,216,normal / hard,水の中に家が入ると何になる?,水泳（「す 家 い」すいの中に家）,ホッチキス,すし詰め,赤ん坊,しりとり,けむり,A,水泳（「す 家 い」すいの中に家）,食べ物・動物・道具 の どれ でも ない 答え かも,出典: nazonazo.nihonsimondai.com 第216問。 / 正答: 「水泳（「す 家 い」すいの中に家）」。 / パターン: 問いの字面どおりではなく、連想・音・意味のずれから正答にたどり着く。 / 意図: 「水の中に家が入ると何になる？」→「水泳（「す 家 い」すいの中に家）」になるよう読み替える。 / ※ ゲーム内ヒント・UI では使わない開発者メモ。
web_217,217,normal / hard,キスをするのが大好きな人達がいる国はどこ?,スカイ,サイン,うめぼし,中国（チュー国）,パン,奈良時代,D,中国（チュー国）,同じ 言葉 でも 意味 が 2通り ある かも,出典: nazonazo.nihonsimondai.com 第217問。 / 正答: 「中国（チュー国）」。 / パターン: 問いの字面どおりではなく、連想・音・意味のずれから正答にたどり着く。 / 意図: 「キスをするのが大好きな人達がいる国はどこ？」→「中国（チュー国）」になるよう読み替える。 / ※ ゲーム内ヒント・UI では使わない開発者メモ。
web_218,218,normal / hard,お母さんが大事にしている「ぼう」は何?,サイン,めんたいこ,チャーハン,年齢,まばたき,赤ん坊,F,赤ん坊,声 に 出して 読む と ヒント に なる こと も,出典: nazonazo.nihonsimondai.com 第218問。 / 正答: 「赤ん坊」。 / パターン: 問いの字面どおりではなく、連想・音・意味のずれから正答にたどり着く。 / 意図: 「お母さんが大事にしている「ぼう」は何？」→「赤ん坊」になるよう読み替える。 / ※ ゲーム内ヒント・UI では使わない開発者メモ。
web_219,219,easy / normal / hard,野球の選手は書いて、野球の監督は出すものといえば何?,きも,鯉,悪魔,土管,サイン,いかりをしずめる,E,サイン,字面 どおり じゃ ない 読み方 がある よ,出典: nazonazo.nihonsimondai.com 第219問。 / 正答: 「サイン」。 / パターン: 問いの字面どおりではなく、連想・音・意味のずれから正答にたどり着く。 / 意図: 「野球の選手は書いて、野球の監督は出すものといえば何？」→「サイン」になるよう読み替える。 / ※ ゲーム内ヒント・UI では使わない開発者メモ。
web_220,220,normal / hard,ボールはボールでも四角いボールは何?,ダンボール,キツネ,豚,図書館,マッチ,土管,A,ダンボール,身の 回り と 言葉 の ダジャレ を 考えてみて,出典: nazonazo.nihonsimondai.com 第220問。 / 正答: 「ダンボール」。 / パターン: 問いの字面どおりではなく、連想・音・意味のずれから正答にたどり着く。 / 意図: 「ボールはボールでも四角いボールは何？」→「ダンボール」になるよう読み替える。 / ※ ゲーム内ヒント・UI では使わない開発者メモ。
web_221,221,normal / hard,背の高さと体の重さと目の良さ、注意深く調べないといけないのは何?,風船,スパイク,スピード,背の高さ（しんちょう）,パジャマ,肉まん,D,背の高さ（しんちょう）,字面 どおり じゃ ない 読み方 がある よ,出典: nazonazo.nihonsimondai.com 第221問。 / 正答: 「背の高さ（しんちょう）」。 / パターン: 問いの字面どおりではなく、連想・音・意味のずれから正答にたどり着く。 / 意図: 「背の高さと体の重さと目の良さ、注意深く調べないといけないのは何？」→「背の高さ（しんちょう）」になるよう読み替える。 / ※ ゲーム内ヒント・UI では使わない開発者メモ。
web_222,222,easy / normal / hard,イヌでもネコでもウサギでも負けないのにライオンだと負けるのは何?,鬼退治,花火,手袋,しりとり,包丁,信号機,D,しりとり,声 に 出して 読む と ヒント に なる こと も,出典: nazonazo.nihonsimondai.com 第222問。 / 正答: 「しりとり」。 / パターン: 問いの字面どおりではなく、連想・音・意味のずれから正答にたどり着く。 / 意図: 「イヌでもネコでもウサギでも負けないのにライオンだと負けるのは何？」→「しりとり」になるよう読み替える。 / ※ ゲーム内ヒント・UI では使わない開発者メモ。
web_223,223,normal / hard,しじんはしじんでも一番古いしじんは?,大関,尻餅,ブラックバス,ウグイス,げんしじん,なめくじ,E,げんしじん,字面 どおり じゃ ない 読み方 がある よ,出典: nazonazo.nihonsimondai.com 第223問。 / 正答: 「げんしじん」。 / パターン: 問いの字面どおりではなく、連想・音・意味のずれから正答にたどり着く。 / 意図: 「しじんはしじんでも一番古いしじんは？」→「げんしじん」になるよう読み替える。 / ※ ゲーム内ヒント・UI では使わない開発者メモ。
web_224,224,easy / normal / hard,ある大会で2位の人は3勝しました。では、1位の人は何勝?,めんたいこ,かたつむり,花火,優勝,人間,ろうそく,D,優勝,身の 回り と 言葉 の ダジャレ を 考えてみて,出典: nazonazo.nihonsimondai.com 第224問。 / 正答: 「優勝」。 / パターン: 答えが短い語（1〜2文字）。抽象名詞・自然現象系。 / 意図: 「ある大会で2位の人は3勝しました。では、1位の人は何勝？」→「優勝」になるよう読み替える。 / ※ ゲーム内ヒント・UI では使わない開発者メモ。
web_225,225,easy / normal / hard,しろはしろでも、肌を白くするしろは何?,植木,クレヨン,カステラ,おしろい,豚,マイカー,D,おしろい,身の 回り と 言葉 の ダジャレ を 考えてみて,出典: nazonazo.nihonsimondai.com 第225問。 / 正答: 「おしろい」。 / パターン: 問いの字面どおりではなく、連想・音・意味のずれから正答にたどり着く。 / 意図: 「しろはしろでも、肌を白くするしろは何？」→「おしろい」になるよう読み替える。 / ※ ゲーム内ヒント・UI では使わない開発者メモ。
web_226,226,easy / normal / hard,すしはすしでも、ぎゅうぎゅうで息苦しいすしは何?,自分自身,恥,ことば,自分の影,優勝,すし詰め,F,すし詰め,字面 どおり じゃ ない 読み方 がある よ,出典: nazonazo.nihonsimondai.com 第226問。 / 正答: 「すし詰め」。 / パターン: 問いの字面どおりではなく、連想・音・意味のずれから正答にたどり着く。 / 意図: 「すしはすしでも、ぎゅうぎゅうで息苦しいすしは何？」→「すし詰め」になるよう読み替える。 / ※ ゲーム内ヒント・UI では使わない開発者メモ。
web_227,227,normal / hard,スキーで斜面を滑すべりおりるのが得意な鳥は?,方向音痴,カタール,たまご,ランドセル,鬼退治,かっこう（滑降）,F,かっこう（滑降）,字面 どおり じゃ ない 読み方 がある よ,出典: nazonazo.nihonsimondai.com 第227問。 / 正答: 「かっこう（滑降）」。 / パターン: 問いの字面どおりではなく、連想・音・意味のずれから正答にたどり着く。 / 意図: 「スキーで斜面を滑すべりおりるのが得意な鳥は？」→「かっこう（滑降）」になるよう読み替える。 / ※ ゲーム内ヒント・UI では使わない開発者メモ。
web_228,228,normal / hard,いつも一番最後に食べられる豆は何?,金魚すくいの金魚,うめぼし,こま,たまごのカラ,えんどう豆,サイダー,E,えんどう豆,字面 どおり じゃ ない 読み方 がある よ,出典: nazonazo.nihonsimondai.com 第228問。 / 正答: 「えんどう豆」。 / パターン: 問いの字面どおりではなく、連想・音・意味のずれから正答にたどり着く。 / 意図: 「いつも一番最後に食べられる豆は何？」→「えんどう豆」になるよう読み替える。 / ※ ゲーム内ヒント・UI では使わない開発者メモ。
web_229,229,easy / normal / hard,いつも大きな音でゴホンゴホンとしているお相撲さんの番付は何?,大関,ストライク,カーペット,手紙,病院,金魚すくいの金魚,A,大関,身の 回り と 言葉 の ダジャレ を 考えてみて,出典: nazonazo.nihonsimondai.com 第229問。 / 正答: 「大関」。 / パターン: 答えが短い語（1〜2文字）。抽象名詞・自然現象系。 / 意図: 「いつも大きな音でゴホンゴホンとしているお相撲さんの番付は何？」→「大関」になるよう読み替える。 / ※ ゲーム内ヒント・UI では使わない開発者メモ。
web_230,230,easy / normal / hard,動物だと言い張っている飲み物は何?,サイダー,結婚指輪,病院,光,うちわ,ろうそく,A,サイダー,声 に 出して 読む と ヒント に なる こと も,出典: nazonazo.nihonsimondai.com 第230問。 / 正答: 「サイダー」。 / パターン: 問いの字面どおりではなく、連想・音・意味のずれから正答にたどり着く。 / 意図: 「動物だと言い張っている飲み物は何？」→「サイダー」になるよう読み替える。 / ※ ゲーム内ヒント・UI では使わない開発者メモ。
web_231,231,easy / normal / hard,ジェット機の中に隠れている鳥は何?,うちわ,うめぼし,ニセ札,発見,めんたいこ,トキ,F,トキ,食べ物・動物・道具 の どれ でも ない 答え かも,出典: nazonazo.nihonsimondai.com 第231問。 / 正答: 「トキ」。 / パターン: 答えが短い語（1〜2文字）。抽象名詞・自然現象系。 / 意図: 「ジェット機の中に隠れている鳥は何？」→「トキ」になるよう読み替える。 / ※ ゲーム内ヒント・UI では使わない開発者メモ。
web_232,232,normal / hard,戸が豪華な乗り物は何?,かさ,ボタン,チャーハン,ゴーカート,ジャマイカ,ツクシ,D,ゴーカート,字面 どおり じゃ ない 読み方 がある よ,出典: nazonazo.nihonsimondai.com 第232問。 / 正答: 「ゴーカート」。 / パターン: 問いの字面どおりではなく、連想・音・意味のずれから正答にたどり着く。 / 意図: 「戸が豪華な乗り物は何？」→「ゴーカート」になるよう読み替える。 / ※ ゲーム内ヒント・UI では使わない開発者メモ。
web_233,233,easy / normal / hard,冷やしたりつぶしたりするからだの部分はどこ?,きも,飴玉,鬼退治,ゴミ袋,火,ダンボール,A,きも,身の 回り と 言葉 の ダジャレ を 考えてみて,出典: nazonazo.nihonsimondai.com 第233問。 / 正答: 「きも」。 / パターン: 答えが短い語（1〜2文字）。抽象名詞・自然現象系。 / 意図: 「冷やしたりつぶしたりするからだの部分はどこ？」→「きも」になるよう読み替える。 / ※ ゲーム内ヒント・UI では使わない開発者メモ。
web_234,234,normal / hard,イヌが9匹集まってはじめることといえば何?,研究（犬９－）,マスカット,三輪車,晴天,コンブ,ホッチキス,A,研究（犬９－）,身の 回り と 言葉 の ダジャレ を 考えてみて,出典: nazonazo.nihonsimondai.com 第234問。 / 正答: 「研究（犬９－）」。 / パターン: 問いの字面どおりではなく、連想・音・意味のずれから正答にたどり着く。 / 意図: 「イヌが9匹集まってはじめることといえば何？」→「研究（犬９－）」になるよう読み替える。 / ※ ゲーム内ヒント・UI では使わない開発者メモ。
web_235,235,easy / normal / hard,カバはカバでも高原や高山に立っているカバは何?,飴玉,人間,シラカバ,傍聴席,カンナ,豚,C,シラカバ,字面 どおり じゃ ない 読み方 がある よ,出典: nazonazo.nihonsimondai.com 第235問。 / 正答: 「シラカバ」。 / パターン: 問いの字面どおりではなく、連想・音・意味のずれから正答にたどり着く。 / 意図: 「カバはカバでも高原や高山に立っているカバは何？」→「シラカバ」になるよう読み替える。 / ※ ゲーム内ヒント・UI では使わない開発者メモ。
web_236,236,normal / hard,1000人乗っていないのに1000人乗せているみたいな乗り物は何?,なべぶた,五本,客船（客1000）,包丁,地平線,大関,C,客船（客1000）,声 に 出して 読む と ヒント に なる こと も,出典: nazonazo.nihonsimondai.com 第236問。 / 正答: 「客船（客1000）」。 / パターン: 問いの字面どおりではなく、連想・音・意味のずれから正答にたどり着く。 / 意図: 「1000人乗っていないのに1000人乗せているみたいな乗り物は何？」→「客船（客1000）」になるよう読み替える。 / ※ ゲーム内ヒント・UI では使わない開発者メモ。
web_237,237,easy / normal / hard,アシなのに体の上の方にあるアシは何?,えり足,キツネ,ガン,けむり,消しゴムのカス,目やに,A,えり足,声 に 出して 読む と ヒント に なる こと も,出典: nazonazo.nihonsimondai.com 第237問。 / 正答: 「えり足」。 / パターン: 問いの字面どおりではなく、連想・音・意味のずれから正答にたどり着く。 / 意図: 「アシなのに体の上の方にあるアシは何？」→「えり足」になるよう読み替える。 / ※ ゲーム内ヒント・UI では使わない開発者メモ。
web_238,238,normal / hard,服を二枚着た人がかかる病気は何?,図書館,病院,水,れいとう,腹痛（服つー）,逮捕,E,腹痛（服つー）,字面 どおり じゃ ない 読み方 がある よ,出典: nazonazo.nihonsimondai.com 第238問。 / 正答: 「腹痛（服つー）」。 / パターン: 問いの字面どおりではなく、連想・音・意味のずれから正答にたどり着く。 / 意図: 「服を二枚着た人がかかる病気は何？」→「腹痛（服つー）」になるよう読み替える。 / ※ ゲーム内ヒント・UI では使わない開発者メモ。
web_239,239,normal / hard,ほうきで掃除している人がかかる病気は何?,三輪車,雪だるま,マイカー,ランドセル,沈黙,歯痛（はいた）,F,歯痛（はいた）,食べ物・動物・道具 の どれ でも ない 答え かも,出典: nazonazo.nihonsimondai.com 第239問。 / 正答: 「歯痛（はいた）」。 / パターン: 問いの字面どおりではなく、連想・音・意味のずれから正答にたどり着く。 / 意図: 「ほうきで掃除している人がかかる病気は何？」→「歯痛（はいた）」になるよう読み替える。 / ※ ゲーム内ヒント・UI では使わない開発者メモ。
web_240,240,normal / hard,すぐに白旗を上げる学年は?,つめ,クレヨン,ニジマス,手袋,ホッチキス,高３（こうさん）,F,高３（こうさん）,身の 回り と 言葉 の ダジャレ を 考えてみて,出典: nazonazo.nihonsimondai.com 第240問。 / 正答: 「高３（こうさん）」。 / パターン: 問いの字面どおりではなく、連想・音・意味のずれから正答にたどり着く。 / 意図: 「すぐに白旗を上げる学年は？」→「高３（こうさん）」になるよう読み替える。 / ※ ゲーム内ヒント・UI では使わない開発者メモ。
web_241,241,normal / hard,誰も開けたことがないもので、カラなのに中にはいっているのは何?,ことば,サイコロ,たまごのカラ,カイロ,ドアノブ,発見,C,たまごのカラ,字面 どおり じゃ ない 読み方 がある よ,出典: nazonazo.nihonsimondai.com 第241問。 / 正答: 「たまごのカラ」。 / パターン: 問いの字面どおりではなく、連想・音・意味のずれから正答にたどり着く。 / 意図: 「誰も開けたことがないもので、カラなのに中にはいっているのは何？」→「たまごのカラ」になるよう読み替える。 / ※ ゲーム内ヒント・UI では使わない開発者メモ。
web_242,242,easy / normal / hard,もったり、花を咲かすものは何?,土管,話,図書館,結婚指輪,カナダ,金魚すくいの金魚,B,話,食べ物・動物・道具 の どれ でも ない 答え かも,出典: nazonazo.nihonsimondai.com 第242問。 / 正答: 「話」。 / パターン: 答えが短い語（1〜2文字）。抽象名詞・自然現象系。 / 意図: 「もったり、花を咲かすものは何？」→「話」になるよう読み替える。 / ※ ゲーム内ヒント・UI では使わない開発者メモ。
web_243,243,normal / hard,風呂場の中にいる動物は何?,左手,ロバ（ふ「ろば」）,ステッキ,ポケット,ハンドル,コンブ,B,ロバ（ふ「ろば」）,声 に 出して 読む と ヒント に なる こと も,出典: nazonazo.nihonsimondai.com 第243問。 / 正答: 「ロバ（ふ「ろば」）」。 / パターン: 問いの字面どおりではなく、連想・音・意味のずれから正答にたどり着く。 / 意図: 「風呂場の中にいる動物は何？」→「ロバ（ふ「ろば」）」になるよう読み替える。 / ※ ゲーム内ヒント・UI では使わない開発者メモ。
web_244,244,normal / hard,泳ぎ方のなかで苦しい思いをしてそうな名前の泳ぎ方は?,ストライク,コンドル,シャーベット,コショウ,クロール（苦労ーる）,マスカット,E,クロール（苦労ーる）,字面 どおり じゃ ない 読み方 がある よ,出典: nazonazo.nihonsimondai.com 第244問。 / 正答: 「クロール（苦労ーる）」。 / パターン: 問いの字面どおりではなく、連想・音・意味のずれから正答にたどり着く。 / 意図: 「泳ぎ方のなかで苦しい思いをしてそうな名前の泳ぎ方は？」→「クロール（苦労ーる）」になるよう読み替える。 / ※ ゲーム内ヒント・UI では使わない開発者メモ。
web_245,245,easy / normal / hard,バレーボールでは手で打って、サッカーでは足に履くものは何?,スパイク,ライス,ガン,五本,天の川,バター,A,スパイク,同じ 言葉 でも 意味 が 2通り ある かも,出典: nazonazo.nihonsimondai.com 第245問。 / 正答: 「スパイク」。 / パターン: 問いの字面どおりではなく、連想・音・意味のずれから正答にたどり着く。 / 意図: 「バレーボールでは手で打って、サッカーでは足に履くものは何？」→「スパイク」になるよう読み替える。 / ※ ゲーム内ヒント・UI では使わない開発者メモ。
web_246,246,easy / normal / hard,カイはカイでも外で上を見るとみつかるカイは何?,あくび,流れ星「名がレ」,カイロ,カメレオン,スカイ,話,E,スカイ,字面 どおり じゃ ない 読み方 がある よ,出典: nazonazo.nihonsimondai.com 第246問。 / 正答: 「スカイ」。 / パターン: 問いの字面どおりではなく、連想・音・意味のずれから正答にたどり着く。 / 意図: 「カイはカイでも外で上を見るとみつかるカイは何？」→「スカイ」になるよう読み替える。 / ※ ゲーム内ヒント・UI では使わない開発者メモ。
web_247,247,normal / hard,何を聞いても絶対に返事をしない体の部分はどこ?,扁桃腺（返答せん）,方向音痴,ライス,カーペット,なべぶた,スパイク,A,扁桃腺（返答せん）,同じ 言葉 でも 意味 が 2通り ある かも,出典: nazonazo.nihonsimondai.com 第247問。 / 正答: 「扁桃腺（返答せん）」。 / パターン: 問いの字面どおりではなく、連想・音・意味のずれから正答にたどり着く。 / 意図: 「何を聞いても絶対に返事をしない体の部分はどこ？」→「扁桃腺（返答せん）」になるよう読み替える。 / ※ ゲーム内ヒント・UI では使わない開発者メモ。
web_248,248,normal / hard,ぶしはぶしでも食べられるぶしは何?,ゴミ箱,きも,流れ星「名がレ」,かつおぶし,マカオ,ニジマス,D,かつおぶし,同じ 言葉 でも 意味 が 2通り ある かも,出典: nazonazo.nihonsimondai.com 第248問。 / 正答: 「かつおぶし」。 / パターン: 問いの字面どおりではなく、連想・音・意味のずれから正答にたどり着く。 / 意図: 「ぶしはぶしでも食べられるぶしは何？」→「かつおぶし」になるよう読み替える。 / ※ ゲーム内ヒント・UI では使わない開発者メモ。
web_249,249,normal / hard,何百キロもするバーベルを上げられる力持ちが、絶対に上げられないバーベルより軽いものは何?,昼食や夕食,恋愛,めんたいこ,蚊,自分自身,カステラ,E,自分自身,同じ 言葉 でも 意味 が 2通り ある かも,出典: nazonazo.nihonsimondai.com 第249問。 / 正答: 「自分自身」。 / パターン: 問いの字面どおりではなく、連想・音・意味のずれから正答にたどり着く。 / 意図: 「何百キロもするバーベルを上げられる力持ちが、絶対に上げられないバーベルより軽いものは何？」→「自分自身」になるよう読み替える。 / ※ ゲーム内ヒント・UI では使わない開発者メモ。
web_250,250,easy / normal / hard,くじなのに紙ではなくヌルヌルしていて動くのは何?,けむり,なめくじ,天の川,メドレー,タマゴ,コンブ,B,なめくじ,声 に 出して 読む と ヒント に なる こと も,出典: nazonazo.nihonsimondai.com 第250問。 / 正答: 「なめくじ」。 / パターン: 問いの字面どおりではなく、連想・音・意味のずれから正答にたどり着く。 / 意図: 「くじなのに紙ではなくヌルヌルしていて動くのは何？」→「なめくじ」になるよう読み替える。 / ※ ゲーム内ヒント・UI では使わない開発者メモ。
web_251,251,normal / hard,犬を大きくするにはどうしたらいい?,コンブ,木曜日,光,点をけす（犬→大）,押し出し,ニセ札,D,点をけす（犬→大）,身の 回り と 言葉 の ダジャレ を 考えてみて,出典: nazonazo.nihonsimondai.com 第251問。 / 正答: 「点をけす（犬→大）」。 / パターン: 問いの字面どおりではなく、連想・音・意味のずれから正答にたどり着く。 / 意図: 「犬を大きくするにはどうしたらいい？」→「点をけす（犬→大）」になるよう読み替える。 / ※ ゲーム内ヒント・UI では使わない開発者メモ。
web_252,252,normal / hard,幼稚園に行く子が好きな色は?,ツクシ,えんじ（園児）,かさ,綱引き,ナス,いかりをしずめる,B,えんじ（園児）,声 に 出して 読む と ヒント に なる こと も,出典: nazonazo.nihonsimondai.com 第252問。 / 正答: 「えんじ（園児）」。 / パターン: 問いの字面どおりではなく、連想・音・意味のずれから正答にたどり着く。 / 意図: 「幼稚園に行く子が好きな色は？」→「えんじ（園児）」になるよう読み替える。 / ※ ゲーム内ヒント・UI では使わない開発者メモ。
web_253,253,hard,「２．５」という食べ物は何?,カメレオン,ご飯（５の半分）,ダンボール,ぷんぷん,押し出し,占いの本,B,ご飯（５の半分）,字面 どおり じゃ ない 読み方 がある よ,出典: nazonazo.nihonsimondai.com 第253問。 / 正答: 「ご飯（５の半分）」。 / パターン: 空腹・満腹や有無で性質が変わるもの（風船・文房具など）。 / 意図: 「「２．５」という食べ物は何？」→「ご飯（５の半分）」になるよう読み替える。 / ※ ゲーム内ヒント・UI では使わない開発者メモ。
web_254,254,normal / hard,木の実の中に隠れている虫は何?,流れ星「名がレ」,ノミ（木「の実」）,さんぽ,カタール,つなひき,手紙,B,ノミ（木「の実」）,声 に 出して 読む と ヒント に なる こと も,出典: nazonazo.nihonsimondai.com 第254問。 / 正答: 「ノミ（木「の実」）」。 / パターン: 問いの字面どおりではなく、連想・音・意味のずれから正答にたどり着く。 / 意図: 「木の実の中に隠れている虫は何？」→「ノミ（木「の実」）」になるよう読み替える。 / ※ ゲーム内ヒント・UI では使わない開発者メモ。
web_255,255,easy / normal / hard,お酢が大好きだという植物は何?,なべぶた,きも,ガン,豚,天の川,ススキ,F,ススキ,同じ 言葉 でも 意味 が 2通り ある かも,出典: nazonazo.nihonsimondai.com 第255問。 / 正答: 「ススキ」。 / パターン: 問いの字面どおりではなく、連想・音・意味のずれから正答にたどり着く。 / 意図: 「お酢が大好きだという植物は何？」→「ススキ」になるよう読み替える。 / ※ ゲーム内ヒント・UI では使わない開発者メモ。
web_256,256,normal / hard,ベットはベットでも冷たくておいしいベットは何?,会社,メドレー,恋愛,星,シャーベット,火,E,シャーベット,声 に 出して 読む と ヒント に なる こと も,出典: nazonazo.nihonsimondai.com 第256問。 / 正答: 「シャーベット」。 / パターン: 問いの字面どおりではなく、連想・音・意味のずれから正答にたどり着く。 / 意図: 「ベットはベットでも冷たくておいしいベットは何？」→「シャーベット」になるよう読み替える。 / ※ ゲーム内ヒント・UI では使わない開発者メモ。
web_257,257,normal / hard,ハチが飛んでくる方角は?,えり足,床屋,クレーン,いかりをしずめる,西（ニシ２×４がハチ）,カナダ,E,西（ニシ２×４がハチ）,同じ 言葉 でも 意味 が 2通り ある かも,出典: nazonazo.nihonsimondai.com 第257問。 / 正答: 「西（ニシ２×４がハチ）」。 / パターン: 問いの字面どおりではなく、連想・音・意味のずれから正答にたどり着く。 / 意図: 「ハチが飛んでくる方角は？」→「西（ニシ２×４がハチ）」になるよう読み替える。 / ※ ゲーム内ヒント・UI では使わない開発者メモ。
web_258,258,easy / normal / hard,ハネがあるのに回してばかりで空を飛ばないのは何?,扇風機,道路,すな,ボタン,自分自身,コトリ,A,扇風機,字面 どおり じゃ ない 読み方 がある よ,出典: nazonazo.nihonsimondai.com 第258問。 / 正答: 「扇風機」。 / パターン: 問いの字面どおりではなく、連想・音・意味のずれから正答にたどり着く。 / 意図: 「ハネがあるのに回してばかりで空を飛ばないのは何？」→「扇風機」になるよう読み替える。 / ※ ゲーム内ヒント・UI では使わない開発者メモ。
web_259,259,easy / normal / hard,のびると病院で働く野菜は何?,雪だるま,晴天,ぞうきん,鏡,ナス,つっぱり,E,ナス,声 に 出して 読む と ヒント に なる こと も,出典: nazonazo.nihonsimondai.com 第259問。 / 正答: 「ナス」。 / パターン: 答えが短い語（1〜2文字）。抽象名詞・自然現象系。 / 意図: 「のびると病院で働く野菜は何？」→「ナス」になるよう読み替える。 / ※ ゲーム内ヒント・UI では使わない開発者メモ。
web_260,260,easy / normal / hard,一日に三回引くくじは何?,やまびこ,トラクター,食事,お風呂,スパイク,ゴミ箱,C,食事,字面 どおり じゃ ない 読み方 がある よ,出典: nazonazo.nihonsimondai.com 第260問。 / 正答: 「食事」。 / パターン: 答えが短い語（1〜2文字）。抽象名詞・自然現象系。 / 意図: 「一日に三回引くくじは何？」→「食事」になるよう読み替える。 / ※ ゲーム内ヒント・UI では使わない開発者メモ。
web_261,261,easy / normal / hard,タイはタイでもおまわりさんがするたいは?,ゴーカート,カーペット,逮捕,恋愛,赤ん坊,物干し竿,C,逮捕,同じ 言葉 でも 意味 が 2通り ある かも,出典: nazonazo.nihonsimondai.com 第261問。 / 正答: 「逮捕」。 / パターン: 答えが短い語（1〜2文字）。抽象名詞・自然現象系。 / 意図: 「タイはタイでもおまわりさんがするたいは？」→「逮捕」になるよう読み替える。 / ※ ゲーム内ヒント・UI では使わない開発者メモ。
web_262,262,normal / hard,人を笑わせる話が得意なシカは何?,メドレー,優勝,噺家（はなしか）,ポケット,地平線,包丁,C,噺家（はなしか）,身の 回り と 言葉 の ダジャレ を 考えてみて,出典: nazonazo.nihonsimondai.com 第262問。 / 正答: 「噺家（はなしか）」。 / パターン: 口・舌・耳の有無と、電話・こだま・言葉など「伝える」仕組みのひっかけ。 / 意図: 「人を笑わせる話が得意なシカは何？」→「噺家（はなしか）」になるよう読み替える。 / ※ ゲーム内ヒント・UI では使わない開発者メモ。
web_263,263,normal / hard,扇子が持ち込み禁止になっている船は何?,雑煮,潜水艦（扇子いかん！）,コトリ,すな,左手,ウグイス,B,潜水艦（扇子いかん！）,身の 回り と 言葉 の ダジャレ を 考えてみて,出典: nazonazo.nihonsimondai.com 第263問。 / 正答: 「潜水艦（扇子いかん！）」。 / パターン: 問いの字面どおりではなく、連想・音・意味のずれから正答にたどり着く。 / 意図: 「扇子が持ち込み禁止になっている船は何？」→「潜水艦（扇子いかん！）」になるよう読み替える。 / ※ ゲーム内ヒント・UI では使わない開発者メモ。
web_264,264,easy / normal / hard,桃太郎がでかけていったのはなんじ?,消しゴムのカス,トラクター,ポケット,ゴミ箱,給食,鬼退治,F,鬼退治,声 に 出して 読む と ヒント に なる こと も,出典: nazonazo.nihonsimondai.com 第264問。 / 正答: 「鬼退治」。 / パターン: 問いの字面どおりではなく、連想・音・意味のずれから正答にたどり着く。 / 意図: 「桃太郎がでかけていったのはなんじ？」→「鬼退治」になるよう読み替える。 / ※ ゲーム内ヒント・UI では使わない開発者メモ。
web_265,265,easy / normal / hard,いつも動いているカンは何?,時間,サイダー,飴玉,ぞうきん,大晦日,奈良時代,A,時間,食べ物・動物・道具 の どれ でも ない 答え かも,出典: nazonazo.nihonsimondai.com 第265問。 / 正答: 「時間」。 / パターン: 答えが短い語（1〜2文字）。抽象名詞・自然現象系。 / 意図: 「いつも動いているカンは何？」→「時間」になるよう読み替える。 / ※ ゲーム内ヒント・UI では使わない開発者メモ。
web_266,266,easy / normal / hard,どんなにはれても痛くないものは何?,リス,手袋,サイコロ,ポケット,マイカー,天気,F,天気,同じ 言葉 でも 意味 が 2通り ある かも,出典: nazonazo.nihonsimondai.com 第266問。 / 正答: 「天気」。 / パターン: 答えが短い語（1〜2文字）。抽象名詞・自然現象系。 / 意図: 「どんなにはれても痛くないものは何？」→「天気」になるよう読み替える。 / ※ ゲーム内ヒント・UI では使わない開発者メモ。
web_267,267,easy / normal / hard,おなかにさしても意味がないけど、目にさすと役に立つものは?,晴天,流れ星「名がレ」,もくじ,水,目薬,スズキ,E,目薬,同じ 言葉 でも 意味 が 2通り ある かも,出典: nazonazo.nihonsimondai.com 第267問。 / 正答: 「目薬」。 / パターン: 答えが短い語（1〜2文字）。抽象名詞・自然現象系。 / 意図: 「おなかにさしても意味がないけど、目にさすと役に立つものは？」→「目薬」になるよう読み替える。 / ※ ゲーム内ヒント・UI では使わない開発者メモ。
web_268,268,easy / normal / hard,めはめでも、手や足についているめは何?,耕運機,豚,サイン,消しゴムのカス,つめ,蚊,E,つめ,字面 どおり じゃ ない 読み方 がある よ,出典: nazonazo.nihonsimondai.com 第268問。 / 正答: 「つめ」。 / パターン: 答えが短い語（1〜2文字）。抽象名詞・自然現象系。 / 意図: 「めはめでも、手や足についているめは何？」→「つめ」になるよう読み替える。 / ※ ゲーム内ヒント・UI では使わない開発者メモ。
web_269,269,easy / normal / hard,銀行に必要なチョウは何?,五本,通帳,コンブ,バラ,病院,土手,B,通帳,同じ 言葉 でも 意味 が 2通り ある かも,出典: nazonazo.nihonsimondai.com 第269問。 / 正答: 「通帳」。 / パターン: 答えが短い語（1〜2文字）。抽象名詞・自然現象系。 / 意図: 「銀行に必要なチョウは何？」→「通帳」になるよう読み替える。 / ※ ゲーム内ヒント・UI では使わない開発者メモ。
web_270,270,easy / normal / hard,まけなのに嬉しいまけは何?,おまけ,えんどう豆,ゴミ箱,いかりをしずめる,尻餅,たまごのカラ,A,おまけ,声 に 出して 読む と ヒント に なる こと も,出典: nazonazo.nihonsimondai.com 第270問。 / 正答: 「おまけ」。 / パターン: 問いの字面どおりではなく、連想・音・意味のずれから正答にたどり着く。 / 意図: 「まけなのに嬉しいまけは何？」→「おまけ」になるよう読み替える。 / ※ ゲーム内ヒント・UI では使わない開発者メモ。
web_271,271,normal / hard,紙と紙をくっつけるキスは何?,光,左手,話,つめ,ホッチキス,肩車,E,ホッチキス,食べ物・動物・道具 の どれ でも ない 答え かも,出典: nazonazo.nihonsimondai.com 第271問。 / 正答: 「ホッチキス」。 / パターン: 問いの字面どおりではなく、連想・音・意味のずれから正答にたどり着く。 / 意図: 「紙と紙をくっつけるキスは何？」→「ホッチキス」になるよう読み替える。 / ※ ゲーム内ヒント・UI では使わない開発者メモ。
web_272,272,easy / normal / hard,相撲や野球にあってサッカーにないものは何?,ブラックバス,ゴーカート,バター,押し出し,すし詰め,おしろい,D,押し出し,食べ物・動物・道具 の どれ でも ない 答え かも,出典: nazonazo.nihonsimondai.com 第272問。 / 正答: 「押し出し」。 / パターン: 問いの字面どおりではなく、連想・音・意味のずれから正答にたどり着く。 / 意図: 「相撲や野球にあってサッカーにないものは何？」→「押し出し」になるよう読み替える。 / ※ ゲーム内ヒント・UI では使わない開発者メモ。
web_273,273,normal / hard,大きくて点がある動物は何?,カイロ,犬（漢字）,植木,カメレオン,病院,つなひき,B,犬（漢字）,食べ物・動物・道具 の どれ でも ない 答え かも,出典: nazonazo.nihonsimondai.com 第273問。 / 正答: 「犬（漢字）」。 / パターン: 問いの字面どおりではなく、連想・音・意味のずれから正答にたどり着く。 / 意図: 「大きくて点がある動物は何？」→「犬（漢字）」になるよう読み替える。 / ※ ゲーム内ヒント・UI では使わない開発者メモ。
web_274,274,easy / normal / hard,金属じゃないのにサビがある野菜は何?,方向音痴,パジャマ,ワサビ,ハガキ,木の葉,白菜,C,ワサビ,食べ物・動物・道具 の どれ でも ない 答え かも,出典: nazonazo.nihonsimondai.com 第274問。 / 正答: 「ワサビ」。 / パターン: 問いの字面どおりではなく、連想・音・意味のずれから正答にたどり着く。 / 意図: 「金属じゃないのにサビがある野菜は何？」→「ワサビ」になるよう読み替える。 / ※ ゲーム内ヒント・UI では使わない開発者メモ。
web_275,275,normal / hard,野球やボーリングにあってテニスにないものは何?,おかず,鯉,ストライク,コーラス,カイロ,リス,C,ストライク,同じ 言葉 でも 意味 が 2通り ある かも,出典: nazonazo.nihonsimondai.com 第275問。 / 正答: 「ストライク」。 / パターン: 問いの字面どおりではなく、連想・音・意味のずれから正答にたどり着く。 / 意図: 「野球やボーリングにあってテニスにないものは何？」→「ストライク」になるよう読み替える。 / ※ ゲーム内ヒント・UI では使わない開発者メモ。
web_276,276,easy / normal / hard,旅行に持っていくトラといえば何?,ことば,方向音痴,年齢,トランク,カンナ,空腹,D,トランク,声 に 出して 読む と ヒント に なる こと も,出典: nazonazo.nihonsimondai.com 第276問。 / 正答: 「トランク」。 / パターン: 問いの字面どおりではなく、連想・音・意味のずれから正答にたどり着く。 / 意図: 「旅行に持っていくトラといえば何？」→「トランク」になるよう読み替える。 / ※ ゲーム内ヒント・UI では使わない開発者メモ。
web_277,277,easy / normal / hard,本を読むときによく最初に読むのは何じ?,竹,まばたき,綱引き,うちわ,もくじ,恋愛,E,もくじ,食べ物・動物・道具 の どれ でも ない 答え かも,出典: nazonazo.nihonsimondai.com 第277問。 / 正答: 「もくじ」。 / パターン: 問いの字面どおりではなく、連想・音・意味のずれから正答にたどり着く。 / 意図: 「本を読むときによく最初に読むのは何じ？」→「もくじ」になるよう読み替える。 / ※ ゲーム内ヒント・UI では使わない開発者メモ。
web_278,278,easy / normal / hard,体を刺されたり切られたりすると安心できる場所は?,パパイヤ,えんどう豆,病院,カステラ,自分自身,影,C,病院,声 に 出して 読む と ヒント に なる こと も,出典: nazonazo.nihonsimondai.com 第278問。 / 正答: 「病院」。 / パターン: 答えが短い語（1〜2文字）。抽象名詞・自然現象系。 / 意図: 「体を刺されたり切られたりすると安心できる場所は？」→「病院」になるよう読み替える。 / ※ ゲーム内ヒント・UI では使わない開発者メモ。
web_279,279,easy / normal / hard,怒ると立つものは何?,まぶた,ゴミ袋,肉まん,手袋,メドレー,腹,F,腹,字面 どおり じゃ ない 読み方 がある よ,出典: nazonazo.nihonsimondai.com 第279問。 / 正答: 「腹」。 / パターン: 答えが短い語（1〜2文字）。抽象名詞・自然現象系。 / 意図: 「怒ると立つものは何？」→「腹」になるよう読み替える。 / ※ ゲーム内ヒント・UI では使わない開発者メモ。
web_280,280,normal / hard,最初は水の中、一回紙の上に、そして、袋に入れられるのは何?,ことば,綱引き,たまご,時間,金魚すくいの金魚,影,E,金魚すくいの金魚,身の 回り と 言葉 の ダジャレ を 考えてみて,出典: nazonazo.nihonsimondai.com 第280問。 / 正答: 「金魚すくいの金魚」。 / パターン: 問いの字面どおりではなく、連想・音・意味のずれから正答にたどり着く。 / 意図: 「最初は水の中、一回紙の上に、そして、袋に入れられるのは何？」→「金魚すくいの金魚」になるよう読み替える。 / ※ ゲーム内ヒント・UI では使わない開発者メモ。
web_281,281,normal / hard,船の上で怒っている人をやめさせるには?,けむり,占いの本,クレーン,マスカット,いかりをしずめる,通帳,E,いかりをしずめる,同じ 言葉 でも 意味 が 2通り ある かも,出典: nazonazo.nihonsimondai.com 第281問。 / 正答: 「いかりをしずめる」。 / パターン: 問いの字面どおりではなく、連想・音・意味のずれから正答にたどり着く。 / 意図: 「船の上で怒っている人をやめさせるには？」→「いかりをしずめる」になるよう読み替える。 / ※ ゲーム内ヒント・UI では使わない開発者メモ。
web_282,282,easy / normal / hard,冷凍庫の中にいる動物は何頭?,れいとう,話,信号機,左手,マッチ,あまやどり,A,れいとう,食べ物・動物・道具 の どれ でも ない 答え かも,出典: nazonazo.nihonsimondai.com 第282問。 / 正答: 「れいとう」。 / パターン: 問いの字面どおりではなく、連想・音・意味のずれから正答にたどり着く。 / 意図: 「冷凍庫の中にいる動物は何頭？」→「れいとう」になるよう読み替える。 / ※ ゲーム内ヒント・UI では使わない開発者メモ。
web_283,283,normal / hard,ゲームが終わると出てくる服は?,パン,フクロウ,悪魔,さんぽ,かつおぶし,オーバー（ゲームオーバー）,F,オーバー（ゲームオーバー）,字面 どおり じゃ ない 読み方 がある よ,出典: nazonazo.nihonsimondai.com 第283問。 / 正答: 「オーバー（ゲームオーバー）」。 / パターン: 問いの字面どおりではなく、連想・音・意味のずれから正答にたどり着く。 / 意図: 「ゲームが終わると出てくる服は？」→「オーバー（ゲームオーバー）」になるよう読み替える。 / ※ ゲーム内ヒント・UI では使わない開発者メモ。
web_284,284,easy / normal / hard,お正月になるとよく食べられるウニは?,雑煮,包丁,洗濯バサミ,三輪車,ボタン,トキ,A,雑煮,声 に 出して 読む と ヒント に なる こと も,出典: nazonazo.nihonsimondai.com 第284問。 / 正答: 「雑煮」。 / パターン: 答えが短い語（1〜2文字）。抽象名詞・自然現象系。 / 意図: 「お正月になるとよく食べられるウニは？」→「雑煮」になるよう読み替える。 / ※ ゲーム内ヒント・UI では使わない開発者メモ。
web_285,285,normal / hard,黄金のお宝がある海は近い海か遠い海か?,カナダ,近い海（金塊・近海）,しりとり,胃炎,ライス,カタール,B,近い海（金塊・近海）,食べ物・動物・道具 の どれ でも ない 答え かも,出典: nazonazo.nihonsimondai.com 第285問。 / 正答: 「近い海（金塊・近海）」。 / パターン: 問いの字面どおりではなく、連想・音・意味のずれから正答にたどり着く。 / 意図: 「黄金のお宝がある海は近い海か遠い海か？」→「近い海（金塊・近海）」になるよう読み替える。 / ※ ゲーム内ヒント・UI では使わない開発者メモ。
web_286,286,normal / hard,くすりやさんで流れているBGMをなんという?,マカオ,手紙,お風呂,スパイク,やっきょく,ツクシ,E,やっきょく,身の 回り と 言葉 の ダジャレ を 考えてみて,出典: nazonazo.nihonsimondai.com 第286問。 / 正答: 「やっきょく」。 / パターン: 問いの字面どおりではなく、連想・音・意味のずれから正答にたどり着く。 / 意図: 「くすりやさんで流れているBGMをなんという？」→「やっきょく」になるよう読み替える。 / ※ ゲーム内ヒント・UI では使わない開発者メモ。
web_287,287,easy / normal / hard,雨が降っていたりせず、曇ってもいない天気はなんてん?,まばたき,土手,やっきょく,ハンドル,餃子,晴天,F,晴天,食べ物・動物・道具 の どれ でも ない 答え かも,出典: nazonazo.nihonsimondai.com 第287問。 / 正答: 「晴天」。 / パターン: 答えが短い語（1〜2文字）。抽象名詞・自然現象系。 / 意図: 「雨が降っていたりせず、曇ってもいない天気はなんてん？」→「晴天」になるよう読み替える。 / ※ ゲーム内ヒント・UI では使わない開発者メモ。
web_288,288,easy / normal / hard,雨が降っていたりせず、曇ってもいない天気はなんてん?,晴天,リス,床屋,豆腐,うちわ,タマゴ,A,晴天,身の 回り と 言葉 の ダジャレ を 考えてみて,出典: nazonazo.nihonsimondai.com 第288問。 / 正答: 「晴天」。 / パターン: 答えが短い語（1〜2文字）。抽象名詞・自然現象系。 / 意図: 「雨が降っていたりせず、曇ってもいない天気はなんてん？」→「晴天」になるよう読み替える。 / ※ ゲーム内ヒント・UI では使わない開発者メモ。
web_289,289,easy / normal / hard,いっぱい歩いても少ししか歩いていないようなものは何?,ぞうきん,えんどう豆,弱虫,ろうそく,さんぽ,トランク,E,さんぽ,食べ物・動物・道具 の どれ でも ない 答え かも,出典: nazonazo.nihonsimondai.com 第289問。 / 正答: 「さんぽ」。 / パターン: 問いの字面どおりではなく、連想・音・意味のずれから正答にたどり着く。 / 意図: 「いっぱい歩いても少ししか歩いていないようなものは何？」→「さんぽ」になるよう読み替える。 / ※ ゲーム内ヒント・UI では使わない開発者メモ。
web_290,290,easy / normal / hard,イスはイスでも空を飛ぶイスは何?,方向音痴,ホッチキス,シャーベット,ヒヨコ,こま,ウグイス,F,ウグイス,字面 どおり じゃ ない 読み方 がある よ,出典: nazonazo.nihonsimondai.com 第290問。 / 正答: 「ウグイス」。 / パターン: 問いの字面どおりではなく、連想・音・意味のずれから正答にたどり着く。 / 意図: 「イスはイスでも空を飛ぶイスは何？」→「ウグイス」になるよう読み替える。 / ※ ゲーム内ヒント・UI では使わない開発者メモ。
web_291,291,normal / hard,たくさんの人におんぶされて学校にいくのは何?,目やに,ランドセル,扇風機,鏡,肩車,かさ,B,ランドセル,食べ物・動物・道具 の どれ でも ない 答え かも,出典: nazonazo.nihonsimondai.com 第291問。 / 正答: 「ランドセル」。 / パターン: 問いの字面どおりではなく、連想・音・意味のずれから正答にたどり着く。 / 意図: 「たくさんの人におんぶされて学校にいくのは何？」→「ランドセル」になるよう読み替える。 / ※ ゲーム内ヒント・UI では使わない開発者メモ。
web_292,292,easy / normal / hard,雨が降ったり日差しが強いと開き出すのは何?,風船,つっぱり,ヒヨコ,植木,かさ,きも,E,かさ,声 に 出して 読む と ヒント に なる こと も,出典: nazonazo.nihonsimondai.com 第292問。 / 正答: 「かさ」。 / パターン: 答えが短い語（1〜2文字）。抽象名詞・自然現象系。 / 意図: 「雨が降ったり日差しが強いと開き出すのは何？」→「かさ」になるよう読み替える。 / ※ ゲーム内ヒント・UI では使わない開発者メモ。
web_293,293,easy / normal / hard,後ろに下がると勝つものは何?,図書館,フクロウ,物干し竿,つなひき,ススキ,カステラ,D,つなひき,同じ 言葉 でも 意味 が 2通り ある かも,出典: nazonazo.nihonsimondai.com 第293問。 / 正答: 「つなひき」。 / パターン: 問いの字面どおりではなく、連想・音・意味のずれから正答にたどり着く。 / 意図: 「後ろに下がると勝つものは何？」→「つなひき」になるよう読み替える。 / ※ ゲーム内ヒント・UI では使わない開発者メモ。
web_294,294,easy / normal / hard,回るとたちあがるものといえば何?,ドーナツ,つっぱり,こま,胃炎,サイコロ,図書館,C,こま,同じ 言葉 でも 意味 が 2通り ある かも,出典: nazonazo.nihonsimondai.com 第294問。 / 正答: 「こま」。 / パターン: 答えが短い語（1〜2文字）。抽象名詞・自然現象系。 / 意図: 「回るとたちあがるものといえば何？」→「こま」になるよう読み替える。 / ※ ゲーム内ヒント・UI では使わない開発者メモ。
web_295,295,easy / normal / hard,とてもすっぱいほしは何?,金魚すくいの金魚,チャーハン,うめぼし,逮捕,あくび,コーラス,C,うめぼし,身の 回り と 言葉 の ダジャレ を 考えてみて,出典: nazonazo.nihonsimondai.com 第295問。 / 正答: 「うめぼし」。 / パターン: 問いの字面どおりではなく、連想・音・意味のずれから正答にたどり着く。 / 意図: 「とてもすっぱいほしは何？」→「うめぼし」になるよう読み替える。 / ※ ゲーム内ヒント・UI では使わない開発者メモ。
web_296,296,normal / hard,あと一歳で百歳になる野菜は何?,スズキ,ピアノ,白菜（漢字に一をくわえると百になる）,ホッチキス,うめぼし,ろうそく,C,白菜（漢字に一をくわえると百になる）,字面 どおり じゃ ない 読み方 がある よ,出典: nazonazo.nihonsimondai.com 第296問。 / 正答: 「白菜（漢字に一をくわえると百になる）」。 / パターン: 問いの字面どおりではなく、連想・音・意味のずれから正答にたどり着く。 / 意図: 「あと一歳で百歳になる野菜は何？」→「白菜（漢字に一をくわえると百になる）」になるよう読み替える。 / ※ ゲーム内ヒント・UI では使わない開発者メモ。
web_297,297,easy / normal / hard,口からでるくびは何?,コーラス,あくび,けむり,ドーナツ,豚,ウグイス,B,あくび,身の 回り と 言葉 の ダジャレ を 考えてみて,出典: nazonazo.nihonsimondai.com 第297問。 / 正答: 「あくび」。 / パターン: 口・舌・耳の有無と、電話・こだま・言葉など「伝える」仕組みのひっかけ。 / 意図: 「口からでるくびは何？」→「あくび」になるよう読み替える。 / ※ ゲーム内ヒント・UI では使わない開発者メモ。
web_298,298,easy / normal / hard,みんなよくつかっている二本ないとやくにたたないものは何?,たまご,けむり,ハガキ,逮捕,ヒヨコ,はし,F,はし,食べ物・動物・道具 の どれ でも ない 答え かも,出典: nazonazo.nihonsimondai.com 第298問。 / 正答: 「はし」。 / パターン: 答えが短い語（1〜2文字）。抽象名詞・自然現象系。 / 意図: 「みんなよくつかっている二本ないとやくにたたないものは何？」→「はし」になるよう読み替える。 / ※ ゲーム内ヒント・UI では使わない開発者メモ。
web_299,299,normal / hard,消しゴムで消せば消すほど増えるのは何?,消しゴムのカス,図書館,フクロウ,クレヨン,チャーハン,鯉,A,消しゴムのカス,食べ物・動物・道具 の どれ でも ない 答え かも,出典: nazonazo.nihonsimondai.com 第299問。 / 正答: 「消しゴムのカス」。 / パターン: 問いの字面どおりではなく、連想・音・意味のずれから正答にたどり着く。 / 意図: 「消しゴムで消せば消すほど増えるのは何？」→「消しゴムのカス」になるよう読み替える。 / ※ ゲーム内ヒント・UI では使わない開発者メモ。
web_300,300,easy / normal / hard,よくまな板の上にいるちょうは何?,大晦日,サイコロ,包丁,トランク,クレーン,道路,C,包丁,身の 回り と 言葉 の ダジャレ を 考えてみて,出典: nazonazo.nihonsimondai.com 第300問。 / 正答: 「包丁」。 / パターン: 答えが短い語（1〜2文字）。抽象名詞・自然現象系。 / 意図: 「よくまな板の上にいるちょうは何？」→「包丁」になるよう読み替える。 / ※ ゲーム内ヒント・UI では使わない開発者メモ。
